feature,rows,known_rows,known_share,mean_when_known,std_when_known,p05_when_known,median_when_known,p95_when_known,zero_share_when_known,half_share_when_known,one_share_when_known
value,68918,57619,0.8360515395107229,0.8008143147225742,0.2281732234754451,0.5,0.8,1.0,0.025269442371439976,0.12837779204776203,0.4337284576268245
food_sentiment,68918,34295,0.49762036042833513,0.9203032512027993,0.1619779862082138,0.5,1.0,1.0,0.009214171161976965,0.03732322495990669,0.7070418428342324
service_sentiment,68918,33520,0.4863751124524798,0.8677734685759746,0.2149675693716335,0.5,1.0,1.0,0.018108591885441526,0.09439140811455847,0.6362768496420048
noise,68918,28160,0.40860152645172526,0.6261168323863636,0.23297263421017678,0.0,0.6,1.0,0.059161931818181815,0.38071732954545456,0.13011363636363638
authenticity,68918,25613,0.37164456310397864,0.9475852106352243,0.12936176437200422,0.7,1.0,1.0,0.0037480966696599384,0.02978955998906805,0.7852652949673994
service_speed,68918,23736,0.34440929800632636,0.7247387933940007,0.2699166503310494,0.0,0.8,1.0,0.0551061678463094,0.2227418267610381,0.3436973373778227
wait,68918,19672,0.2854406686206796,0.590602153088428,0.1860701195323272,0.5,0.5,1.0,0.03360105734038227,0.46904229361529076,0.0719804798698658
portion_size,68918,17720,0.2571171537189123,0.7986512415349888,0.22726033091948306,0.5,0.8,1.0,0.021218961625282168,0.1525959367945824,0.42895033860045145
romantic,68918,13533,0.19636379465451695,0.3631308652922486,0.3647682022279411,0.0,0.3,1.0,0.4127687874085569,0.22648341092145127,0.1506687356831449
consistency,68918,11957,0.173496038770713,0.7643263360374676,0.25703645642752476,0.4,0.8,1.0,0.043489169524128124,0.16818599983273397,0.4103872208748014
offers_vegan,68918,10855,0.1575060216489161,0.3283095347766007,0.4203754759867079,0.0,0.0,1.0,0.5873790879778904,0.14887148779364348,0.22865039152464303
offers_vegetarian,68918,10678,0.1549377521112046,0.38832178310545046,0.4193512347907931,0.0,0.5,1.0,0.4941936692264469,0.2078104513953924,0.24508334894174938
takeout,68918,10544,0.15299341246118575,0.9043721547799697,0.22954256431616568,0.5,1.0,1.0,0.04059180576631259,0.054533383915022764,0.7850910470409712
cleanliness,68918,10524,0.15270321251342175,0.7767198783732422,0.30189483172672155,0.0,0.9,1.0,0.07829722538958571,0.12134169517293805,0.49125807677689093
formality,68918,9875,0.14328622420847964,0.4609113924050633,0.316049456909703,0.0,0.5,1.0,0.23372151898734178,0.42470886075949366,0.13741772151898735
value_sentiment,68918,8497,0.1232914478075394,0.894839355066494,0.19918359906029476,0.5,1.0,1.0,0.0181240437801577,0.065905613746028,0.7064846416382252
repeat_visit_intent,68918,8349,0.12114396819408572,0.6382620673134507,0.36037063698177263,0.0,0.7,1.0,0.17487124206491794,0.1736734938315966,0.3510600071864894
solo,68918,8099,0.11751646884703561,0.694746264970984,0.2726804902033324,0.0,0.7,1.0,0.06618101000123472,0.24533893073218915,0.32473144832695394
offers_kosher,68918,7596,0.11021794016077077,0.15651658767772514,0.32785283651478503,0.0,0.0,1.0,0.7958135860979463,0.0889942074776198,0.10308056872037914
atmosphere_sentiment,68918,7591,0.11014539017382977,0.9594980898432355,0.1217246442918252,0.7,1.0,1.0,0.005401132920563825,0.01370043472533263,0.8540376761954946
spice,68918,7588,0.11010186018166516,0.8805877701634162,0.15889370506422834,0.5,1.0,1.0,0.005535055350553505,0.050210859251449656,0.5272799156562994
offers_halal,68918,7095,0.10294843146928234,0.293784355179704,0.43360980623490386,0.0,0.0,1.0,0.6680761099365751,0.07244538407329106,0.2522903453136011
sweetness,68918,6896,0.10006094198903044,0.6201638631090487,0.2926495489432563,0.0,0.6,1.0,0.10991879350348027,0.267546403712297,0.22447795823665892
offers_gluten_free,68918,5686,0.08250384514930788,0.5800562785789658,0.40227112111069796,0.0,0.5,1.0,0.2623988744284207,0.28877945831867746,0.39500527611677805
order_accuracy,68918,4706,0.0682840477088714,0.42434126646833825,0.30949178729489185,0.0,0.5,1.0,0.28771780705482364,0.35104122396940074,0.07819804504887377
family,68918,4678,0.0678777677820018,0.8911607524583156,0.1948294633828318,0.5,1.0,1.0,0.01966652415562206,0.051517742625053445,0.6586147926464301
outdoor,68918,4592,0.06662990800661656,0.8438371080139373,0.27877840926396696,0.0,1.0,1.0,0.06968641114982578,0.07687282229965157,0.6461236933797909
transit,68918,4361,0.06327809860994225,0.6310249942673699,0.362215506292865,0.0,0.6,1.0,0.18252694336161432,0.27998165558358173,0.37032790644347624
group,68918,3927,0.05698075974346325,0.8649859943977591,0.20219476736678266,0.5,1.0,1.0,0.01858925388337153,0.05551311433664375,0.6040234275528393
healthiness,68918,3000,0.04352999216460141,0.8163999999999999,0.238848046806237,0.5,0.9,1.0,0.030333333333333334,0.113,0.4796666666666667
novelty,68918,2716,0.039409152906352475,0.8898748159057436,0.17373224825506586,0.5,1.0,1.0,0.008836524300441826,0.05743740795287187,0.6152430044182622
red_meat,68918,2660,0.03859659305261325,0.6840037593984962,0.3749197532103045,0.0,0.8,1.0,0.18345864661654135,0.1424812030075188,0.44661654135338347
accessibility,68918,2522,0.03659421341304159,0.6658207771609833,0.36725001130262175,0.0,0.8,1.0,0.17684377478191912,0.22997620935765264,0.41871530531324347
parking,68918,2495,0.03620244348356017,0.6272211088844356,0.34089319529120454,0.0,0.6,1.0,0.1466933867735471,0.31422845691382767,0.34188376753507016
review_disagreement,68918,1717,0.024913665515540206,0.6544263249854397,0.312003787790526,0.0,0.5,1.0,0.1019219569015725,0.40419336051252186,0.35585323238206173
local_independent,68918,1504,0.021823036071853506,0.969880319148936,0.12826073965542725,0.9,1.0,1.0,0.012632978723404254,0.008643617021276596,0.8863031914893617
seafood,68918,1296,0.01880495661510781,0.6641203703703704,0.41627285121430474,0.0,1.0,1.0,0.24537037037037038,0.09490740740740741,0.5100308641975309
plant_based,68918,769,0.011158187991526161,0.8910273081924578,0.25902483498442436,0.0,1.0,1.0,0.05851755526657997,0.054616384915474644,0.7841352405721717
poultry,68918,587,0.008517368466873676,0.9821124361158433,0.07275866624685394,0.9,1.0,1.0,0.0017035775127768314,0.005110732538330494,0.9080068143100511
business,68918,515,0.0074726486549232425,0.5772815533980582,0.3561144456413829,0.0,0.5,1.0,0.20194174757281552,0.34757281553398056,0.29514563106796116
reservation,68918,300,0.004352999216460141,0.6523333333333333,0.4306344649043243,0.0,1.0,1.0,0.2733333333333333,0.08333333333333333,0.5233333333333333
richness,68918,264,0.003830639310484924,0.9242424242424242,0.10644351730307372,0.7,1.0,1.0,0.0,0.003787878787878788,0.6098484848484849
nightlife,68918,70,0.001015699817174033,0.9814285714285714,0.07669411696890285,0.8450000000000001,1.0,1.0,0.0,0.014285714285714285,0.9285714285714286
