pred_name,csv_model,alpha,bandwidth_km,precision_at_10,recall_at_10,ndcg_at_10,delta_ndcg,base_ndcg
kgat_all,KGAT,0.1,5.0,0.1281,0.1281,0.0675,0.0023,0.0652
kgat_all,KGAT,0.2,5.0,0.1325,0.1325,0.0698,0.0046,0.0652
kgat_all,KGAT,0.3,5.0,0.1363,0.1363,0.0716,0.0064,0.0652
kgat_all,KGAT,0.4,5.0,0.1382,0.1382,0.0727,0.0075,0.0652
kgat_all,KGAT,0.5,5.0,0.139,0.139,0.0726,0.0074,0.0652
kgat_all,KGAT,0.6,5.0,0.1389,0.1389,0.0721,0.0069,0.0652
kgat_all,KGAT,0.7,5.0,0.1385,0.1385,0.0718,0.0066,0.0652
kgat_all,KGAT,0.1,10.0,0.1283,0.1283,0.0675,0.0023,0.0652
kgat_all,KGAT,0.2,10.0,0.1322,0.1322,0.0695,0.0043,0.0652
kgat_all,KGAT,0.3,10.0,0.136,0.136,0.0714,0.0062,0.0652
kgat_all,KGAT,0.4,10.0,0.1382,0.1382,0.0725,0.0073,0.0652
kgat_all,KGAT,0.5,10.0,0.1389,0.1389,0.0725,0.0073,0.0652
kgat_all,KGAT,0.6,10.0,0.1393,0.1393,0.0725,0.0073,0.0652
kgat_all,KGAT,0.7,10.0,0.1391,0.1391,0.0722,0.007,0.0652
kgat_all,KGAT,0.1,20.0,0.1281,0.1281,0.0674,0.0022,0.0652
kgat_all,KGAT,0.2,20.0,0.132,0.132,0.0693,0.0041,0.0652
kgat_all,KGAT,0.3,20.0,0.1353,0.1353,0.0709,0.0057,0.0652
kgat_all,KGAT,0.4,20.0,0.1374,0.1374,0.0719,0.0067,0.0652
kgat_all,KGAT,0.5,20.0,0.1387,0.1387,0.0722,0.007,0.0652
kgat_all,KGAT,0.6,20.0,0.139,0.139,0.0723,0.0071,0.0652
kgat_all,KGAT,0.7,20.0,0.139,0.139,0.0724,0.0072,0.0652
kgat_all,KGAT,0.1,50.0,0.1276,0.1276,0.0672,0.002,0.0652
kgat_all,KGAT,0.2,50.0,0.1312,0.1312,0.0688,0.0036,0.0652
kgat_all,KGAT,0.3,50.0,0.134,0.134,0.0701,0.0049,0.0652
kgat_all,KGAT,0.4,50.0,0.1361,0.1361,0.071,0.0058,0.0652
kgat_all,KGAT,0.5,50.0,0.1374,0.1374,0.0713,0.0061,0.0652
kgat_all,KGAT,0.6,50.0,0.1381,0.1381,0.0717,0.0065,0.0652
kgat_all,KGAT,0.7,50.0,0.1385,0.1385,0.072,0.0068,0.0652
radar_all,RaDAR,0.1,5.0,0.104,0.104,0.0548,0.0035,0.0513
radar_all,RaDAR,0.2,5.0,0.111,0.111,0.0585,0.0072,0.0513
radar_all,RaDAR,0.3,5.0,0.1181,0.1181,0.0624,0.0111,0.0513
radar_all,RaDAR,0.4,5.0,0.1234,0.1234,0.0655,0.0142,0.0513
radar_all,RaDAR,0.5,5.0,0.1259,0.1259,0.067,0.0157,0.0513
radar_all,RaDAR,0.6,5.0,0.1268,0.1268,0.0673,0.016,0.0513
radar_all,RaDAR,0.7,5.0,0.1272,0.1272,0.0674,0.0161,0.0513
radar_all,RaDAR,0.1,10.0,0.104,0.104,0.0548,0.0035,0.0513
radar_all,RaDAR,0.2,10.0,0.1108,0.1108,0.0584,0.0071,0.0513
radar_all,RaDAR,0.3,10.0,0.1178,0.1178,0.0621,0.0108,0.0513
radar_all,RaDAR,0.4,10.0,0.1231,0.1231,0.0652,0.0139,0.0513
radar_all,RaDAR,0.5,10.0,0.1261,0.1261,0.0668,0.0155,0.0513
radar_all,RaDAR,0.6,10.0,0.1273,0.1273,0.0674,0.0161,0.0513
radar_all,RaDAR,0.7,10.0,0.1277,0.1277,0.0676,0.0163,0.0513
radar_all,RaDAR,0.1,20.0,0.1038,0.1038,0.0546,0.0033,0.0513
radar_all,RaDAR,0.2,20.0,0.1103,0.1103,0.058,0.0067,0.0513
radar_all,RaDAR,0.3,20.0,0.1169,0.1169,0.0615,0.0102,0.0513
radar_all,RaDAR,0.4,20.0,0.1216,0.1216,0.0641,0.0128,0.0513
radar_all,RaDAR,0.5,20.0,0.1254,0.1254,0.066,0.0147,0.0513
radar_all,RaDAR,0.6,20.0,0.1267,0.1267,0.0669,0.0156,0.0513
radar_all,RaDAR,0.7,20.0,0.1274,0.1274,0.0673,0.016,0.0513
radar_all,RaDAR,0.1,50.0,0.1033,0.1033,0.0543,0.003,0.0513
radar_all,RaDAR,0.2,50.0,0.1092,0.1092,0.0574,0.0061,0.0513
radar_all,RaDAR,0.3,50.0,0.1144,0.1144,0.0601,0.0088,0.0513
radar_all,RaDAR,0.4,50.0,0.1187,0.1187,0.0624,0.0111,0.0513
radar_all,RaDAR,0.5,50.0,0.1221,0.1221,0.0641,0.0128,0.0513
radar_all,RaDAR,0.6,50.0,0.1245,0.1245,0.0652,0.0139,0.0513
radar_all,RaDAR,0.7,50.0,0.126,0.126,0.0663,0.015,0.0513
kgat_sal_all_T3_nospatial,KGAT-SAL,0.1,5.0,0.1199,0.1199,0.0636,0.0034,0.0602
kgat_sal_all_T3_nospatial,KGAT-SAL,0.2,5.0,0.1262,0.1262,0.0669,0.0067,0.0602
kgat_sal_all_T3_nospatial,KGAT-SAL,0.3,5.0,0.1316,0.1316,0.0699,0.0097,0.0602
kgat_sal_all_T3_nospatial,KGAT-SAL,0.4,5.0,0.1359,0.1359,0.0722,0.012,0.0602
kgat_sal_all_T3_nospatial,KGAT-SAL,0.5,5.0,0.1376,0.1376,0.0731,0.0129,0.0602
kgat_sal_all_T3_nospatial,KGAT-SAL,0.6,5.0,0.1383,0.1383,0.0733,0.0131,0.0602
kgat_sal_all_T3_nospatial,KGAT-SAL,0.7,5.0,0.1383,0.1383,0.073,0.0128,0.0602
kgat_sal_all_T3_nospatial,KGAT-SAL,0.1,10.0,0.1198,0.1198,0.0635,0.0033,0.0602
kgat_sal_all_T3_nospatial,KGAT-SAL,0.2,10.0,0.1264,0.1264,0.0669,0.0067,0.0602
kgat_sal_all_T3_nospatial,KGAT-SAL,0.3,10.0,0.1322,0.1322,0.0699,0.0097,0.0602
kgat_sal_all_T3_nospatial,KGAT-SAL,0.4,10.0,0.1364,0.1364,0.0722,0.012,0.0602
kgat_sal_all_T3_nospatial,KGAT-SAL,0.5,10.0,0.1381,0.1381,0.0731,0.0129,0.0602
kgat_sal_all_T3_nospatial,KGAT-SAL,0.6,10.0,0.1388,0.1388,0.0734,0.0132,0.0602
kgat_sal_all_T3_nospatial,KGAT-SAL,0.7,10.0,0.1388,0.1388,0.0734,0.0132,0.0602
kgat_sal_all_T3_nospatial,KGAT-SAL,0.1,20.0,0.1196,0.1196,0.0634,0.0032,0.0602
kgat_sal_all_T3_nospatial,KGAT-SAL,0.2,20.0,0.1255,0.1255,0.0665,0.0063,0.0602
kgat_sal_all_T3_nospatial,KGAT-SAL,0.3,20.0,0.1314,0.1314,0.0695,0.0093,0.0602
kgat_sal_all_T3_nospatial,KGAT-SAL,0.4,20.0,0.1355,0.1355,0.0716,0.0114,0.0602
kgat_sal_all_T3_nospatial,KGAT-SAL,0.5,20.0,0.1379,0.1379,0.0727,0.0125,0.0602
kgat_sal_all_T3_nospatial,KGAT-SAL,0.6,20.0,0.1388,0.1388,0.0733,0.0131,0.0602
kgat_sal_all_T3_nospatial,KGAT-SAL,0.7,20.0,0.1389,0.1389,0.0734,0.0132,0.0602
kgat_sal_all_T3_nospatial,KGAT-SAL,0.1,50.0,0.1191,0.1191,0.0631,0.0029,0.0602
kgat_sal_all_T3_nospatial,KGAT-SAL,0.2,50.0,0.1248,0.1248,0.066,0.0058,0.0602
kgat_sal_all_T3_nospatial,KGAT-SAL,0.3,50.0,0.1297,0.1297,0.0685,0.0083,0.0602
kgat_sal_all_T3_nospatial,KGAT-SAL,0.4,50.0,0.1334,0.1334,0.0704,0.0102,0.0602
kgat_sal_all_T3_nospatial,KGAT-SAL,0.5,50.0,0.1362,0.1362,0.0715,0.0113,0.0602
kgat_sal_all_T3_nospatial,KGAT-SAL,0.6,50.0,0.1373,0.1373,0.0722,0.012,0.0602
kgat_sal_all_T3_nospatial,KGAT-SAL,0.7,50.0,0.1386,0.1386,0.0729,0.0127,0.0602
infonce_llm,InfoNCE,0.1,5.0,0.1193,0.1193,0.0605,0.0011,0.0594
infonce_llm,InfoNCE,0.2,5.0,0.1208,0.1208,0.0615,0.0021,0.0594
infonce_llm,InfoNCE,0.3,5.0,0.1213,0.1213,0.0619,0.0025,0.0594
infonce_llm,InfoNCE,0.4,5.0,0.1219,0.1219,0.0622,0.0028,0.0594
infonce_llm,InfoNCE,0.5,5.0,0.1215,0.1215,0.0613,0.0019,0.0594
infonce_llm,InfoNCE,0.6,5.0,0.1206,0.1206,0.0607,0.0013,0.0594
infonce_llm,InfoNCE,0.7,5.0,0.1195,0.1195,0.0602,0.0008,0.0594
infonce_llm,InfoNCE,0.1,10.0,0.1189,0.1189,0.0603,0.0009,0.0594
infonce_llm,InfoNCE,0.2,10.0,0.1203,0.1203,0.0612,0.0018,0.0594
infonce_llm,InfoNCE,0.3,10.0,0.1212,0.1212,0.0617,0.0023,0.0594
infonce_llm,InfoNCE,0.4,10.0,0.1213,0.1213,0.0618,0.0024,0.0594
infonce_llm,InfoNCE,0.5,10.0,0.121,0.121,0.0612,0.0018,0.0594
infonce_llm,InfoNCE,0.6,10.0,0.1207,0.1207,0.0608,0.0014,0.0594
infonce_llm,InfoNCE,0.7,10.0,0.1199,0.1199,0.0603,0.0009,0.0594
infonce_llm,InfoNCE,0.1,20.0,0.1185,0.1185,0.0601,0.0007,0.0594
infonce_llm,InfoNCE,0.2,20.0,0.12,0.12,0.0609,0.0015,0.0594
infonce_llm,InfoNCE,0.3,20.0,0.1208,0.1208,0.0614,0.002,0.0594
infonce_llm,InfoNCE,0.4,20.0,0.1213,0.1213,0.0617,0.0023,0.0594
infonce_llm,InfoNCE,0.5,20.0,0.1209,0.1209,0.061,0.0016,0.0594
infonce_llm,InfoNCE,0.6,20.0,0.1199,0.1199,0.0606,0.0012,0.0594
infonce_llm,InfoNCE,0.7,20.0,0.1197,0.1197,0.0603,0.0009,0.0594
infonce_llm,InfoNCE,0.1,50.0,0.1182,0.1182,0.06,0.0006,0.0594
infonce_llm,InfoNCE,0.2,50.0,0.1194,0.1194,0.0606,0.0012,0.0594
infonce_llm,InfoNCE,0.3,50.0,0.1203,0.1203,0.0611,0.0017,0.0594
infonce_llm,InfoNCE,0.4,50.0,0.1207,0.1207,0.0613,0.0019,0.0594
infonce_llm,InfoNCE,0.5,50.0,0.1208,0.1208,0.0609,0.0015,0.0594
infonce_llm,InfoNCE,0.6,50.0,0.1201,0.1201,0.0606,0.0012,0.0594
infonce_llm,InfoNCE,0.7,50.0,0.1195,0.1195,0.0603,0.0009,0.0594
lightgcn_3l_all,LightGCN,0.1,5.0,0.1034,0.1034,0.0531,0.0014,0.0517
lightgcn_3l_all,LightGCN,0.2,5.0,0.106,0.106,0.0543,0.0026,0.0517
lightgcn_3l_all,LightGCN,0.3,5.0,0.1082,0.1082,0.0554,0.0037,0.0517
lightgcn_3l_all,LightGCN,0.4,5.0,0.11,0.11,0.0561,0.0044,0.0517
lightgcn_3l_all,LightGCN,0.5,5.0,0.1109,0.1109,0.0559,0.0042,0.0517
lightgcn_3l_all,LightGCN,0.6,5.0,0.1109,0.1109,0.0558,0.0041,0.0517
lightgcn_3l_all,LightGCN,0.7,5.0,0.1112,0.1112,0.0558,0.0041,0.0517
lightgcn_3l_all,LightGCN,0.1,10.0,0.1032,0.1032,0.053,0.0013,0.0517
lightgcn_3l_all,LightGCN,0.2,10.0,0.1059,0.1059,0.0542,0.0025,0.0517
lightgcn_3l_all,LightGCN,0.3,10.0,0.1077,0.1077,0.055,0.0033,0.0517
lightgcn_3l_all,LightGCN,0.4,10.0,0.1093,0.1093,0.0556,0.0039,0.0517
lightgcn_3l_all,LightGCN,0.5,10.0,0.1101,0.1101,0.0555,0.0038,0.0517
lightgcn_3l_all,LightGCN,0.6,10.0,0.1106,0.1106,0.0557,0.004,0.0517
lightgcn_3l_all,LightGCN,0.7,10.0,0.1108,0.1108,0.0556,0.0039,0.0517
lightgcn_3l_all,LightGCN,0.1,20.0,0.1031,0.1031,0.0529,0.0012,0.0517
lightgcn_3l_all,LightGCN,0.2,20.0,0.1055,0.1055,0.0539,0.0022,0.0517
lightgcn_3l_all,LightGCN,0.3,20.0,0.1071,0.1071,0.0547,0.003,0.0517
lightgcn_3l_all,LightGCN,0.4,20.0,0.1084,0.1084,0.0551,0.0034,0.0517
lightgcn_3l_all,LightGCN,0.5,20.0,0.1091,0.1091,0.0551,0.0034,0.0517
lightgcn_3l_all,LightGCN,0.6,20.0,0.1098,0.1098,0.0553,0.0036,0.0517
lightgcn_3l_all,LightGCN,0.7,20.0,0.11,0.11,0.0553,0.0036,0.0517
lightgcn_3l_all,LightGCN,0.1,50.0,0.1026,0.1026,0.0527,0.001,0.0517
lightgcn_3l_all,LightGCN,0.2,50.0,0.1046,0.1046,0.0535,0.0018,0.0517
lightgcn_3l_all,LightGCN,0.3,50.0,0.1061,0.1061,0.0542,0.0025,0.0517
lightgcn_3l_all,LightGCN,0.4,50.0,0.1071,0.1071,0.0545,0.0028,0.0517
lightgcn_3l_all,LightGCN,0.5,50.0,0.1078,0.1078,0.0545,0.0028,0.0517
lightgcn_3l_all,LightGCN,0.6,50.0,0.1083,0.1083,0.0547,0.003,0.0517
lightgcn_3l_all,LightGCN,0.7,50.0,0.1088,0.1088,0.0549,0.0032,0.0517
infonce_all,InfoNCE,0.1,5.0,0.1258,0.1258,0.0645,0.0014,0.0631
infonce_all,InfoNCE,0.2,5.0,0.1281,0.1281,0.0659,0.0028,0.0631
infonce_all,InfoNCE,0.3,5.0,0.1297,0.1297,0.0669,0.0038,0.0631
infonce_all,InfoNCE,0.4,5.0,0.1301,0.1301,0.0671,0.004,0.0631
infonce_all,InfoNCE,0.5,5.0,0.1293,0.1293,0.0659,0.0028,0.0631
infonce_all,InfoNCE,0.6,5.0,0.1286,0.1286,0.0654,0.0023,0.0631
infonce_all,InfoNCE,0.7,5.0,0.1272,0.1272,0.0646,0.0015,0.0631
infonce_all,InfoNCE,0.1,10.0,0.1256,0.1256,0.0644,0.0013,0.0631
infonce_all,InfoNCE,0.2,10.0,0.1275,0.1275,0.0655,0.0024,0.0631
infonce_all,InfoNCE,0.3,10.0,0.1292,0.1292,0.0665,0.0034,0.0631
infonce_all,InfoNCE,0.4,10.0,0.1297,0.1297,0.0668,0.0037,0.0631
infonce_all,InfoNCE,0.5,10.0,0.1294,0.1294,0.066,0.0029,0.0631
infonce_all,InfoNCE,0.6,10.0,0.1287,0.1287,0.0655,0.0024,0.0631
infonce_all,InfoNCE,0.7,10.0,0.1273,0.1273,0.0648,0.0017,0.0631
infonce_all,InfoNCE,0.1,20.0,0.1253,0.1253,0.0642,0.0011,0.0631
infonce_all,InfoNCE,0.2,20.0,0.1271,0.1271,0.0652,0.0021,0.0631
infonce_all,InfoNCE,0.3,20.0,0.1284,0.1284,0.0659,0.0028,0.0631
infonce_all,InfoNCE,0.4,20.0,0.1294,0.1294,0.0664,0.0033,0.0631
infonce_all,InfoNCE,0.5,20.0,0.129,0.129,0.0657,0.0026,0.0631
infonce_all,InfoNCE,0.6,20.0,0.1285,0.1285,0.0654,0.0023,0.0631
infonce_all,InfoNCE,0.7,20.0,0.1275,0.1275,0.0649,0.0018,0.0631
infonce_all,InfoNCE,0.1,50.0,0.1249,0.1249,0.064,0.0009,0.0631
infonce_all,InfoNCE,0.2,50.0,0.1265,0.1265,0.0648,0.0017,0.0631
infonce_all,InfoNCE,0.3,50.0,0.1275,0.1275,0.0654,0.0023,0.0631
infonce_all,InfoNCE,0.4,50.0,0.1284,0.1284,0.0659,0.0028,0.0631
infonce_all,InfoNCE,0.5,50.0,0.1285,0.1285,0.0654,0.0023,0.0631
infonce_all,InfoNCE,0.6,50.0,0.1282,0.1282,0.0653,0.0022,0.0631
infonce_all,InfoNCE,0.7,50.0,0.1275,0.1275,0.065,0.0019,0.0631
infonce_kgat_sal_all_T3_nospatial,InfoNCE-KGAT-SAL,0.1,5.0,0.1176,0.1176,0.0623,0.0035,0.0588
infonce_kgat_sal_all_T3_nospatial,InfoNCE-KGAT-SAL,0.2,5.0,0.1245,0.1245,0.066,0.0072,0.0588
infonce_kgat_sal_all_T3_nospatial,InfoNCE-KGAT-SAL,0.3,5.0,0.1312,0.1312,0.0697,0.0109,0.0588
infonce_kgat_sal_all_T3_nospatial,InfoNCE-KGAT-SAL,0.4,5.0,0.1352,0.1352,0.0721,0.0133,0.0588
infonce_kgat_sal_all_T3_nospatial,InfoNCE-KGAT-SAL,0.5,5.0,0.1372,0.1372,0.073,0.0142,0.0588
infonce_kgat_sal_all_T3_nospatial,InfoNCE-KGAT-SAL,0.6,5.0,0.1379,0.1379,0.0733,0.0145,0.0588
infonce_kgat_sal_all_T3_nospatial,InfoNCE-KGAT-SAL,0.7,5.0,0.138,0.138,0.0732,0.0144,0.0588
infonce_kgat_sal_all_T3_nospatial,InfoNCE-KGAT-SAL,0.1,10.0,0.1177,0.1177,0.0624,0.0036,0.0588
infonce_kgat_sal_all_T3_nospatial,InfoNCE-KGAT-SAL,0.2,10.0,0.1247,0.1247,0.066,0.0072,0.0588
infonce_kgat_sal_all_T3_nospatial,InfoNCE-KGAT-SAL,0.3,10.0,0.1316,0.1316,0.0696,0.0108,0.0588
infonce_kgat_sal_all_T3_nospatial,InfoNCE-KGAT-SAL,0.4,10.0,0.1357,0.1357,0.072,0.0132,0.0588
infonce_kgat_sal_all_T3_nospatial,InfoNCE-KGAT-SAL,0.5,10.0,0.138,0.138,0.0732,0.0144,0.0588
infonce_kgat_sal_all_T3_nospatial,InfoNCE-KGAT-SAL,0.6,10.0,0.1384,0.1384,0.0734,0.0146,0.0588
infonce_kgat_sal_all_T3_nospatial,InfoNCE-KGAT-SAL,0.7,10.0,0.1386,0.1386,0.0734,0.0146,0.0588
infonce_kgat_sal_all_T3_nospatial,InfoNCE-KGAT-SAL,0.1,20.0,0.1176,0.1176,0.0622,0.0034,0.0588
infonce_kgat_sal_all_T3_nospatial,InfoNCE-KGAT-SAL,0.2,20.0,0.1242,0.1242,0.0657,0.0069,0.0588
infonce_kgat_sal_all_T3_nospatial,InfoNCE-KGAT-SAL,0.3,20.0,0.1307,0.1307,0.069,0.0102,0.0588
infonce_kgat_sal_all_T3_nospatial,InfoNCE-KGAT-SAL,0.4,20.0,0.1355,0.1355,0.0716,0.0128,0.0588
infonce_kgat_sal_all_T3_nospatial,InfoNCE-KGAT-SAL,0.5,20.0,0.138,0.138,0.0727,0.0139,0.0588
infonce_kgat_sal_all_T3_nospatial,InfoNCE-KGAT-SAL,0.6,20.0,0.1388,0.1388,0.0734,0.0146,0.0588
infonce_kgat_sal_all_T3_nospatial,InfoNCE-KGAT-SAL,0.7,20.0,0.1389,0.1389,0.0735,0.0147,0.0588
infonce_kgat_sal_all_T3_nospatial,InfoNCE-KGAT-SAL,0.1,50.0,0.1171,0.1171,0.062,0.0032,0.0588
infonce_kgat_sal_all_T3_nospatial,InfoNCE-KGAT-SAL,0.2,50.0,0.1231,0.1231,0.0651,0.0063,0.0588
infonce_kgat_sal_all_T3_nospatial,InfoNCE-KGAT-SAL,0.3,50.0,0.1291,0.1291,0.068,0.0092,0.0588
infonce_kgat_sal_all_T3_nospatial,InfoNCE-KGAT-SAL,0.4,50.0,0.1334,0.1334,0.0702,0.0114,0.0588
infonce_kgat_sal_all_T3_nospatial,InfoNCE-KGAT-SAL,0.5,50.0,0.1362,0.1362,0.0715,0.0127,0.0588
infonce_kgat_sal_all_T3_nospatial,InfoNCE-KGAT-SAL,0.6,50.0,0.1376,0.1376,0.0723,0.0135,0.0588
infonce_kgat_sal_all_T3_nospatial,InfoNCE-KGAT-SAL,0.7,50.0,0.1385,0.1385,0.0729,0.0141,0.0588
infonce_kgat_sal_all_T3_nospatial,InfoNCE-KGAT-SAL,0.1,5.0,0.0707,0.0707,0.0374,0.0029,0.0345
infonce_kgat_sal_all_T3_nospatial,InfoNCE-KGAT-SAL,0.2,5.0,0.077,0.077,0.0408,0.0063,0.0345
infonce_kgat_sal_all_T3_nospatial,InfoNCE-KGAT-SAL,0.3,5.0,0.084,0.084,0.0446,0.0101,0.0345
infonce_kgat_sal_all_T3_nospatial,InfoNCE-KGAT-SAL,0.4,5.0,0.0897,0.0897,0.048,0.0135,0.0345
infonce_kgat_sal_all_T3_nospatial,InfoNCE-KGAT-SAL,0.5,5.0,0.0928,0.0928,0.0501,0.0156,0.0345
infonce_kgat_sal_all_T3_nospatial,InfoNCE-KGAT-SAL,0.6,5.0,0.0943,0.0943,0.0508,0.0163,0.0345
infonce_kgat_sal_all_T3_nospatial,InfoNCE-KGAT-SAL,0.7,5.0,0.095,0.095,0.051,0.0165,0.0345
infonce_kgat_sal_all_T3_nospatial,InfoNCE-KGAT-SAL,0.1,10.0,0.0708,0.0708,0.0374,0.0029,0.0345
infonce_kgat_sal_all_T3_nospatial,InfoNCE-KGAT-SAL,0.2,10.0,0.0771,0.0771,0.0408,0.0063,0.0345
infonce_kgat_sal_all_T3_nospatial,InfoNCE-KGAT-SAL,0.3,10.0,0.0838,0.0838,0.0443,0.0098,0.0345
infonce_kgat_sal_all_T3_nospatial,InfoNCE-KGAT-SAL,0.4,10.0,0.0897,0.0897,0.0477,0.0132,0.0345
infonce_kgat_sal_all_T3_nospatial,InfoNCE-KGAT-SAL,0.5,10.0,0.0933,0.0933,0.05,0.0155,0.0345
infonce_kgat_sal_all_T3_nospatial,InfoNCE-KGAT-SAL,0.6,10.0,0.0949,0.0949,0.0509,0.0164,0.0345
infonce_kgat_sal_all_T3_nospatial,InfoNCE-KGAT-SAL,0.7,10.0,0.0956,0.0956,0.0513,0.0168,0.0345
infonce_kgat_sal_all_T3_nospatial,InfoNCE-KGAT-SAL,0.1,20.0,0.0707,0.0707,0.0373,0.0028,0.0345
infonce_kgat_sal_all_T3_nospatial,InfoNCE-KGAT-SAL,0.2,20.0,0.0768,0.0768,0.0405,0.006,0.0345
infonce_kgat_sal_all_T3_nospatial,InfoNCE-KGAT-SAL,0.3,20.0,0.083,0.083,0.0439,0.0094,0.0345
infonce_kgat_sal_all_T3_nospatial,InfoNCE-KGAT-SAL,0.4,20.0,0.0888,0.0888,0.047,0.0125,0.0345
infonce_kgat_sal_all_T3_nospatial,InfoNCE-KGAT-SAL,0.5,20.0,0.0925,0.0925,0.0493,0.0148,0.0345
infonce_kgat_sal_all_T3_nospatial,InfoNCE-KGAT-SAL,0.6,20.0,0.0945,0.0945,0.0505,0.016,0.0345
infonce_kgat_sal_all_T3_nospatial,InfoNCE-KGAT-SAL,0.7,20.0,0.0956,0.0956,0.0511,0.0166,0.0345
infonce_kgat_sal_all_T3_nospatial,InfoNCE-KGAT-SAL,0.1,50.0,0.0703,0.0703,0.0371,0.0026,0.0345
infonce_kgat_sal_all_T3_nospatial,InfoNCE-KGAT-SAL,0.2,50.0,0.0758,0.0758,0.04,0.0055,0.0345
infonce_kgat_sal_all_T3_nospatial,InfoNCE-KGAT-SAL,0.3,50.0,0.0814,0.0814,0.043,0.0085,0.0345
infonce_kgat_sal_all_T3_nospatial,InfoNCE-KGAT-SAL,0.4,50.0,0.0868,0.0868,0.0458,0.0113,0.0345
infonce_kgat_sal_all_T3_nospatial,InfoNCE-KGAT-SAL,0.5,50.0,0.0903,0.0903,0.0479,0.0134,0.0345
infonce_kgat_sal_all_T3_nospatial,InfoNCE-KGAT-SAL,0.6,50.0,0.0927,0.0927,0.0492,0.0147,0.0345
infonce_kgat_sal_all_T3_nospatial,InfoNCE-KGAT-SAL,0.7,50.0,0.0941,0.0941,0.0502,0.0157,0.0345
kgat_all,KGAT,0.1,5.0,0.0783,0.0783,0.0413,0.0021,0.0392
kgat_all,KGAT,0.2,5.0,0.0831,0.0831,0.0437,0.0045,0.0392
kgat_all,KGAT,0.3,5.0,0.0879,0.0879,0.0461,0.0069,0.0392
kgat_all,KGAT,0.4,5.0,0.0915,0.0915,0.0479,0.0087,0.0392
kgat_all,KGAT,0.5,5.0,0.0935,0.0935,0.0489,0.0097,0.0392
kgat_all,KGAT,0.6,5.0,0.0943,0.0943,0.0492,0.01,0.0392
kgat_all,KGAT,0.7,5.0,0.0947,0.0947,0.0493,0.0101,0.0392
kgat_all,KGAT,0.1,10.0,0.0783,0.0783,0.0413,0.0021,0.0392
kgat_all,KGAT,0.2,10.0,0.0829,0.0829,0.0435,0.0043,0.0392
kgat_all,KGAT,0.3,10.0,0.0874,0.0874,0.0458,0.0066,0.0392
kgat_all,KGAT,0.4,10.0,0.091,0.091,0.0476,0.0084,0.0392
kgat_all,KGAT,0.5,10.0,0.0934,0.0934,0.0487,0.0095,0.0392
kgat_all,KGAT,0.6,10.0,0.0947,0.0947,0.0493,0.0101,0.0392
kgat_all,KGAT,0.7,10.0,0.0949,0.0949,0.0494,0.0102,0.0392
kgat_all,KGAT,0.1,20.0,0.078,0.078,0.0411,0.0019,0.0392
kgat_all,KGAT,0.2,20.0,0.0825,0.0825,0.0433,0.0041,0.0392
kgat_all,KGAT,0.3,20.0,0.0865,0.0865,0.0453,0.0061,0.0392
kgat_all,KGAT,0.4,20.0,0.0899,0.0899,0.0469,0.0077,0.0392
kgat_all,KGAT,0.5,20.0,0.0923,0.0923,0.0481,0.0089,0.0392
kgat_all,KGAT,0.6,20.0,0.0938,0.0938,0.0488,0.0096,0.0392
kgat_all,KGAT,0.7,20.0,0.0947,0.0947,0.0493,0.0101,0.0392
kgat_all,KGAT,0.1,50.0,0.0778,0.0778,0.041,0.0018,0.0392
kgat_all,KGAT,0.2,50.0,0.0815,0.0815,0.0427,0.0035,0.0392
kgat_all,KGAT,0.3,50.0,0.085,0.085,0.0445,0.0053,0.0392
kgat_all,KGAT,0.4,50.0,0.0879,0.0879,0.046,0.0068,0.0392
kgat_all,KGAT,0.5,50.0,0.0901,0.0901,0.0469,0.0077,0.0392
kgat_all,KGAT,0.6,50.0,0.0919,0.0919,0.0478,0.0086,0.0392
kgat_all,KGAT,0.7,50.0,0.0934,0.0934,0.0485,0.0093,0.0392
kgat_sal_all_T3_nospatial,KGAT-SAL,0.1,5.0,0.0717,0.0717,0.0379,0.0027,0.0352
kgat_sal_all_T3_nospatial,KGAT-SAL,0.2,5.0,0.078,0.078,0.0412,0.006,0.0352
kgat_sal_all_T3_nospatial,KGAT-SAL,0.3,5.0,0.0841,0.0841,0.0446,0.0094,0.0352
kgat_sal_all_T3_nospatial,KGAT-SAL,0.4,5.0,0.0896,0.0896,0.0479,0.0127,0.0352
kgat_sal_all_T3_nospatial,KGAT-SAL,0.5,5.0,0.0927,0.0927,0.0499,0.0147,0.0352
kgat_sal_all_T3_nospatial,KGAT-SAL,0.6,5.0,0.0939,0.0939,0.0506,0.0154,0.0352
kgat_sal_all_T3_nospatial,KGAT-SAL,0.7,5.0,0.0946,0.0946,0.0508,0.0156,0.0352
kgat_sal_all_T3_nospatial,KGAT-SAL,0.1,10.0,0.0719,0.0719,0.038,0.0028,0.0352
kgat_sal_all_T3_nospatial,KGAT-SAL,0.2,10.0,0.0778,0.0778,0.0412,0.006,0.0352
kgat_sal_all_T3_nospatial,KGAT-SAL,0.3,10.0,0.0841,0.0841,0.0445,0.0093,0.0352
kgat_sal_all_T3_nospatial,KGAT-SAL,0.4,10.0,0.0894,0.0894,0.0476,0.0124,0.0352
kgat_sal_all_T3_nospatial,KGAT-SAL,0.5,10.0,0.0929,0.0929,0.0497,0.0145,0.0352
kgat_sal_all_T3_nospatial,KGAT-SAL,0.6,10.0,0.0945,0.0945,0.0506,0.0154,0.0352
kgat_sal_all_T3_nospatial,KGAT-SAL,0.7,10.0,0.0951,0.0951,0.051,0.0158,0.0352
kgat_sal_all_T3_nospatial,KGAT-SAL,0.1,20.0,0.0718,0.0718,0.0379,0.0027,0.0352
kgat_sal_all_T3_nospatial,KGAT-SAL,0.2,20.0,0.0775,0.0775,0.0409,0.0057,0.0352
kgat_sal_all_T3_nospatial,KGAT-SAL,0.3,20.0,0.0835,0.0835,0.0441,0.0089,0.0352
kgat_sal_all_T3_nospatial,KGAT-SAL,0.4,20.0,0.0886,0.0886,0.047,0.0118,0.0352
kgat_sal_all_T3_nospatial,KGAT-SAL,0.5,20.0,0.092,0.092,0.049,0.0138,0.0352
kgat_sal_all_T3_nospatial,KGAT-SAL,0.6,20.0,0.0938,0.0938,0.05,0.0148,0.0352
kgat_sal_all_T3_nospatial,KGAT-SAL,0.7,20.0,0.0948,0.0948,0.0507,0.0155,0.0352
kgat_sal_all_T3_nospatial,KGAT-SAL,0.1,50.0,0.0714,0.0714,0.0377,0.0025,0.0352
kgat_sal_all_T3_nospatial,KGAT-SAL,0.2,50.0,0.0767,0.0767,0.0404,0.0052,0.0352
kgat_sal_all_T3_nospatial,KGAT-SAL,0.3,50.0,0.0818,0.0818,0.0431,0.0079,0.0352
kgat_sal_all_T3_nospatial,KGAT-SAL,0.4,50.0,0.0865,0.0865,0.0457,0.0105,0.0352
kgat_sal_all_T3_nospatial,KGAT-SAL,0.5,50.0,0.0899,0.0899,0.0476,0.0124,0.0352
kgat_sal_all_T3_nospatial,KGAT-SAL,0.6,50.0,0.092,0.092,0.0488,0.0136,0.0352
kgat_sal_all_T3_nospatial,KGAT-SAL,0.7,50.0,0.0936,0.0936,0.0498,0.0146,0.0352
radar_all,RaDAR,0.1,5.0,0.055,0.055,0.0289,0.0026,0.0263
radar_all,RaDAR,0.2,5.0,0.0607,0.0607,0.032,0.0057,0.0263
radar_all,RaDAR,0.3,5.0,0.0673,0.0673,0.0356,0.0093,0.0263
radar_all,RaDAR,0.4,5.0,0.0729,0.0729,0.039,0.0127,0.0263
radar_all,RaDAR,0.5,5.0,0.0758,0.0758,0.0414,0.0151,0.0263
radar_all,RaDAR,0.6,5.0,0.0771,0.0771,0.0423,0.016,0.0263
radar_all,RaDAR,0.7,5.0,0.078,0.078,0.0427,0.0164,0.0263
radar_all,RaDAR,0.1,10.0,0.0551,0.0551,0.0289,0.0026,0.0263
radar_all,RaDAR,0.2,10.0,0.061,0.061,0.0321,0.0058,0.0263
radar_all,RaDAR,0.3,10.0,0.0673,0.0673,0.0355,0.0092,0.0263
radar_all,RaDAR,0.4,10.0,0.0729,0.0729,0.0388,0.0125,0.0263
radar_all,RaDAR,0.5,10.0,0.0764,0.0764,0.0413,0.015,0.0263
radar_all,RaDAR,0.6,10.0,0.0778,0.0778,0.0422,0.0159,0.0263
radar_all,RaDAR,0.7,10.0,0.0785,0.0785,0.0427,0.0164,0.0263
radar_all,RaDAR,0.1,20.0,0.0552,0.0552,0.0289,0.0026,0.0263
radar_all,RaDAR,0.2,20.0,0.0607,0.0607,0.0318,0.0055,0.0263
radar_all,RaDAR,0.3,20.0,0.0667,0.0667,0.0351,0.0088,0.0263
radar_all,RaDAR,0.4,20.0,0.0722,0.0722,0.0382,0.0119,0.0263
radar_all,RaDAR,0.5,20.0,0.0755,0.0755,0.0405,0.0142,0.0263
radar_all,RaDAR,0.6,20.0,0.0773,0.0773,0.0417,0.0154,0.0263
radar_all,RaDAR,0.7,20.0,0.0784,0.0784,0.0423,0.016,0.0263
radar_all,RaDAR,0.1,50.0,0.0548,0.0548,0.0287,0.0024,0.0263
radar_all,RaDAR,0.2,50.0,0.0598,0.0598,0.0313,0.005,0.0263
radar_all,RaDAR,0.3,50.0,0.0652,0.0652,0.0342,0.0079,0.0263
radar_all,RaDAR,0.4,50.0,0.07,0.07,0.0369,0.0106,0.0263
radar_all,RaDAR,0.5,50.0,0.073,0.073,0.0389,0.0126,0.0263
radar_all,RaDAR,0.6,50.0,0.0753,0.0753,0.0402,0.0139,0.0263
radar_all,RaDAR,0.7,50.0,0.077,0.077,0.0413,0.015,0.0263
infonce_all,InfoNCE,0.1,5.0,0.0963,0.0963,0.0492,0.0013,0.0479
infonce_all,InfoNCE,0.2,5.0,0.0988,0.0988,0.0504,0.0025,0.0479
infonce_all,InfoNCE,0.3,5.0,0.1009,0.1009,0.0516,0.0037,0.0479
infonce_all,InfoNCE,0.4,5.0,0.1021,0.1021,0.0523,0.0044,0.0479
infonce_all,InfoNCE,0.5,5.0,0.1023,0.1023,0.052,0.0041,0.0479
infonce_all,InfoNCE,0.6,5.0,0.1021,0.1021,0.0518,0.0039,0.0479
infonce_all,InfoNCE,0.7,5.0,0.1015,0.1015,0.0514,0.0035,0.0479
infonce_all,InfoNCE,0.1,10.0,0.0962,0.0962,0.0491,0.0012,0.0479
infonce_all,InfoNCE,0.2,10.0,0.0985,0.0985,0.0502,0.0023,0.0479
infonce_all,InfoNCE,0.3,10.0,0.1005,0.1005,0.0513,0.0034,0.0479
infonce_all,InfoNCE,0.4,10.0,0.1014,0.1014,0.0518,0.0039,0.0479
infonce_all,InfoNCE,0.5,10.0,0.102,0.102,0.0517,0.0038,0.0479
infonce_all,InfoNCE,0.6,10.0,0.102,0.102,0.0517,0.0038,0.0479
infonce_all,InfoNCE,0.7,10.0,0.1012,0.1012,0.0515,0.0036,0.0479
infonce_all,InfoNCE,0.1,20.0,0.096,0.096,0.049,0.0011,0.0479
infonce_all,InfoNCE,0.2,20.0,0.0978,0.0978,0.0499,0.002,0.0479
infonce_all,InfoNCE,0.3,20.0,0.0998,0.0998,0.0509,0.003,0.0479
infonce_all,InfoNCE,0.4,20.0,0.1007,0.1007,0.0513,0.0034,0.0479
infonce_all,InfoNCE,0.5,20.0,0.1014,0.1014,0.0514,0.0035,0.0479
infonce_all,InfoNCE,0.6,20.0,0.1015,0.1015,0.0515,0.0036,0.0479
infonce_all,InfoNCE,0.7,20.0,0.1014,0.1014,0.0514,0.0035,0.0479
infonce_all,InfoNCE,0.1,50.0,0.0958,0.0958,0.0488,0.0009,0.0479
infonce_all,InfoNCE,0.2,50.0,0.0973,0.0973,0.0496,0.0017,0.0479
infonce_all,InfoNCE,0.3,50.0,0.0988,0.0988,0.0504,0.0025,0.0479
infonce_all,InfoNCE,0.4,50.0,0.0997,0.0997,0.0508,0.0029,0.0479
infonce_all,InfoNCE,0.5,50.0,0.1006,0.1006,0.051,0.0031,0.0479
infonce_all,InfoNCE,0.6,50.0,0.1012,0.1012,0.0513,0.0034,0.0479
infonce_all,InfoNCE,0.7,50.0,0.1014,0.1014,0.0514,0.0035,0.0479
infonce_kgat_sal_all_T3_nospatial,InfoNCE-KGAT-SAL,0.1,5.0,0.0707,0.0707,0.0374,0.0029,0.0345
infonce_kgat_sal_all_T3_nospatial,InfoNCE-KGAT-SAL,0.2,5.0,0.077,0.077,0.0408,0.0063,0.0345
infonce_kgat_sal_all_T3_nospatial,InfoNCE-KGAT-SAL,0.3,5.0,0.084,0.084,0.0446,0.0101,0.0345
infonce_kgat_sal_all_T3_nospatial,InfoNCE-KGAT-SAL,0.4,5.0,0.0897,0.0897,0.048,0.0135,0.0345
infonce_kgat_sal_all_T3_nospatial,InfoNCE-KGAT-SAL,0.5,5.0,0.0928,0.0928,0.0501,0.0156,0.0345
infonce_kgat_sal_all_T3_nospatial,InfoNCE-KGAT-SAL,0.6,5.0,0.0943,0.0943,0.0508,0.0163,0.0345
infonce_kgat_sal_all_T3_nospatial,InfoNCE-KGAT-SAL,0.7,5.0,0.095,0.095,0.051,0.0165,0.0345
infonce_kgat_sal_all_T3_nospatial,InfoNCE-KGAT-SAL,0.1,10.0,0.0708,0.0708,0.0374,0.0029,0.0345
infonce_kgat_sal_all_T3_nospatial,InfoNCE-KGAT-SAL,0.2,10.0,0.0771,0.0771,0.0408,0.0063,0.0345
infonce_kgat_sal_all_T3_nospatial,InfoNCE-KGAT-SAL,0.3,10.0,0.0838,0.0838,0.0443,0.0098,0.0345
infonce_kgat_sal_all_T3_nospatial,InfoNCE-KGAT-SAL,0.4,10.0,0.0897,0.0897,0.0477,0.0132,0.0345
infonce_kgat_sal_all_T3_nospatial,InfoNCE-KGAT-SAL,0.5,10.0,0.0933,0.0933,0.05,0.0155,0.0345
infonce_kgat_sal_all_T3_nospatial,InfoNCE-KGAT-SAL,0.6,10.0,0.0949,0.0949,0.0509,0.0164,0.0345
infonce_kgat_sal_all_T3_nospatial,InfoNCE-KGAT-SAL,0.7,10.0,0.0956,0.0956,0.0513,0.0168,0.0345
infonce_kgat_sal_all_T3_nospatial,InfoNCE-KGAT-SAL,0.1,20.0,0.0707,0.0707,0.0373,0.0028,0.0345
infonce_kgat_sal_all_T3_nospatial,InfoNCE-KGAT-SAL,0.2,20.0,0.0768,0.0768,0.0405,0.006,0.0345
infonce_kgat_sal_all_T3_nospatial,InfoNCE-KGAT-SAL,0.3,20.0,0.083,0.083,0.0439,0.0094,0.0345
infonce_kgat_sal_all_T3_nospatial,InfoNCE-KGAT-SAL,0.4,20.0,0.0888,0.0888,0.047,0.0125,0.0345
infonce_kgat_sal_all_T3_nospatial,InfoNCE-KGAT-SAL,0.5,20.0,0.0925,0.0925,0.0493,0.0148,0.0345
infonce_kgat_sal_all_T3_nospatial,InfoNCE-KGAT-SAL,0.6,20.0,0.0945,0.0945,0.0505,0.016,0.0345
infonce_kgat_sal_all_T3_nospatial,InfoNCE-KGAT-SAL,0.7,20.0,0.0956,0.0956,0.0511,0.0166,0.0345
infonce_kgat_sal_all_T3_nospatial,InfoNCE-KGAT-SAL,0.1,50.0,0.0703,0.0703,0.0371,0.0026,0.0345
infonce_kgat_sal_all_T3_nospatial,InfoNCE-KGAT-SAL,0.2,50.0,0.0758,0.0758,0.04,0.0055,0.0345
infonce_kgat_sal_all_T3_nospatial,InfoNCE-KGAT-SAL,0.3,50.0,0.0814,0.0814,0.043,0.0085,0.0345
infonce_kgat_sal_all_T3_nospatial,InfoNCE-KGAT-SAL,0.4,50.0,0.0868,0.0868,0.0458,0.0113,0.0345
infonce_kgat_sal_all_T3_nospatial,InfoNCE-KGAT-SAL,0.5,50.0,0.0903,0.0903,0.0479,0.0134,0.0345
infonce_kgat_sal_all_T3_nospatial,InfoNCE-KGAT-SAL,0.6,50.0,0.0927,0.0927,0.0492,0.0147,0.0345
infonce_kgat_sal_all_T3_nospatial,InfoNCE-KGAT-SAL,0.7,50.0,0.0941,0.0941,0.0502,0.0157,0.0345
kgat_all,KGAT,0.1,5.0,0.0783,0.0783,0.0413,0.0021,0.0392
kgat_all,KGAT,0.2,5.0,0.0831,0.0831,0.0437,0.0045,0.0392
kgat_all,KGAT,0.3,5.0,0.0879,0.0879,0.0461,0.0069,0.0392
kgat_all,KGAT,0.4,5.0,0.0915,0.0915,0.0479,0.0087,0.0392
kgat_all,KGAT,0.5,5.0,0.0935,0.0935,0.0489,0.0097,0.0392
kgat_all,KGAT,0.6,5.0,0.0943,0.0943,0.0492,0.01,0.0392
kgat_all,KGAT,0.7,5.0,0.0947,0.0947,0.0493,0.0101,0.0392
kgat_all,KGAT,0.1,10.0,0.0783,0.0783,0.0413,0.0021,0.0392
kgat_all,KGAT,0.2,10.0,0.0829,0.0829,0.0435,0.0043,0.0392
kgat_all,KGAT,0.3,10.0,0.0874,0.0874,0.0458,0.0066,0.0392
kgat_all,KGAT,0.4,10.0,0.091,0.091,0.0476,0.0084,0.0392
kgat_all,KGAT,0.5,10.0,0.0934,0.0934,0.0487,0.0095,0.0392
kgat_all,KGAT,0.6,10.0,0.0947,0.0947,0.0493,0.0101,0.0392
kgat_all,KGAT,0.7,10.0,0.0949,0.0949,0.0494,0.0102,0.0392
kgat_all,KGAT,0.1,20.0,0.078,0.078,0.0411,0.0019,0.0392
kgat_all,KGAT,0.2,20.0,0.0825,0.0825,0.0433,0.0041,0.0392
kgat_all,KGAT,0.3,20.0,0.0865,0.0865,0.0453,0.0061,0.0392
kgat_all,KGAT,0.4,20.0,0.0899,0.0899,0.0469,0.0077,0.0392
kgat_all,KGAT,0.5,20.0,0.0923,0.0923,0.0481,0.0089,0.0392
kgat_all,KGAT,0.6,20.0,0.0938,0.0938,0.0488,0.0096,0.0392
kgat_all,KGAT,0.7,20.0,0.0947,0.0947,0.0493,0.0101,0.0392
kgat_all,KGAT,0.1,50.0,0.0778,0.0778,0.041,0.0018,0.0392
kgat_all,KGAT,0.2,50.0,0.0815,0.0815,0.0427,0.0035,0.0392
kgat_all,KGAT,0.3,50.0,0.085,0.085,0.0445,0.0053,0.0392
kgat_all,KGAT,0.4,50.0,0.0879,0.0879,0.046,0.0068,0.0392
kgat_all,KGAT,0.5,50.0,0.0901,0.0901,0.0469,0.0077,0.0392
kgat_all,KGAT,0.6,50.0,0.0919,0.0919,0.0478,0.0086,0.0392
kgat_all,KGAT,0.7,50.0,0.0934,0.0934,0.0485,0.0093,0.0392
kgat_sal_all_T3_nospatial,KGAT-SAL,0.1,5.0,0.0717,0.0717,0.0379,0.0027,0.0352
kgat_sal_all_T3_nospatial,KGAT-SAL,0.2,5.0,0.078,0.078,0.0412,0.006,0.0352
kgat_sal_all_T3_nospatial,KGAT-SAL,0.3,5.0,0.0841,0.0841,0.0446,0.0094,0.0352
kgat_sal_all_T3_nospatial,KGAT-SAL,0.4,5.0,0.0896,0.0896,0.0479,0.0127,0.0352
kgat_sal_all_T3_nospatial,KGAT-SAL,0.5,5.0,0.0927,0.0927,0.0499,0.0147,0.0352
kgat_sal_all_T3_nospatial,KGAT-SAL,0.6,5.0,0.0939,0.0939,0.0506,0.0154,0.0352
kgat_sal_all_T3_nospatial,KGAT-SAL,0.7,5.0,0.0946,0.0946,0.0508,0.0156,0.0352
kgat_sal_all_T3_nospatial,KGAT-SAL,0.1,10.0,0.0719,0.0719,0.038,0.0028,0.0352
kgat_sal_all_T3_nospatial,KGAT-SAL,0.2,10.0,0.0778,0.0778,0.0412,0.006,0.0352
kgat_sal_all_T3_nospatial,KGAT-SAL,0.3,10.0,0.0841,0.0841,0.0445,0.0093,0.0352
kgat_sal_all_T3_nospatial,KGAT-SAL,0.4,10.0,0.0894,0.0894,0.0476,0.0124,0.0352
kgat_sal_all_T3_nospatial,KGAT-SAL,0.5,10.0,0.0929,0.0929,0.0497,0.0145,0.0352
kgat_sal_all_T3_nospatial,KGAT-SAL,0.6,10.0,0.0945,0.0945,0.0506,0.0154,0.0352
kgat_sal_all_T3_nospatial,KGAT-SAL,0.7,10.0,0.0951,0.0951,0.051,0.0158,0.0352
kgat_sal_all_T3_nospatial,KGAT-SAL,0.1,20.0,0.0718,0.0718,0.0379,0.0027,0.0352
kgat_sal_all_T3_nospatial,KGAT-SAL,0.2,20.0,0.0775,0.0775,0.0409,0.0057,0.0352
kgat_sal_all_T3_nospatial,KGAT-SAL,0.3,20.0,0.0835,0.0835,0.0441,0.0089,0.0352
kgat_sal_all_T3_nospatial,KGAT-SAL,0.4,20.0,0.0886,0.0886,0.047,0.0118,0.0352
kgat_sal_all_T3_nospatial,KGAT-SAL,0.5,20.0,0.092,0.092,0.049,0.0138,0.0352
kgat_sal_all_T3_nospatial,KGAT-SAL,0.6,20.0,0.0938,0.0938,0.05,0.0148,0.0352
kgat_sal_all_T3_nospatial,KGAT-SAL,0.7,20.0,0.0948,0.0948,0.0507,0.0155,0.0352
kgat_sal_all_T3_nospatial,KGAT-SAL,0.1,50.0,0.0714,0.0714,0.0377,0.0025,0.0352
kgat_sal_all_T3_nospatial,KGAT-SAL,0.2,50.0,0.0767,0.0767,0.0404,0.0052,0.0352
kgat_sal_all_T3_nospatial,KGAT-SAL,0.3,50.0,0.0818,0.0818,0.0431,0.0079,0.0352
kgat_sal_all_T3_nospatial,KGAT-SAL,0.4,50.0,0.0865,0.0865,0.0457,0.0105,0.0352
kgat_sal_all_T3_nospatial,KGAT-SAL,0.5,50.0,0.0899,0.0899,0.0476,0.0124,0.0352
kgat_sal_all_T3_nospatial,KGAT-SAL,0.6,50.0,0.092,0.092,0.0488,0.0136,0.0352
kgat_sal_all_T3_nospatial,KGAT-SAL,0.7,50.0,0.0936,0.0936,0.0498,0.0146,0.0352
radar_all,RaDAR,0.1,5.0,0.055,0.055,0.0289,0.0026,0.0263
radar_all,RaDAR,0.2,5.0,0.0607,0.0607,0.032,0.0057,0.0263
radar_all,RaDAR,0.3,5.0,0.0673,0.0673,0.0356,0.0093,0.0263
radar_all,RaDAR,0.4,5.0,0.0729,0.0729,0.039,0.0127,0.0263
radar_all,RaDAR,0.5,5.0,0.0758,0.0758,0.0414,0.0151,0.0263
radar_all,RaDAR,0.6,5.0,0.0771,0.0771,0.0423,0.016,0.0263
radar_all,RaDAR,0.7,5.0,0.078,0.078,0.0427,0.0164,0.0263
radar_all,RaDAR,0.1,10.0,0.0551,0.0551,0.0289,0.0026,0.0263
radar_all,RaDAR,0.2,10.0,0.061,0.061,0.0321,0.0058,0.0263
radar_all,RaDAR,0.3,10.0,0.0673,0.0673,0.0355,0.0092,0.0263
radar_all,RaDAR,0.4,10.0,0.0729,0.0729,0.0388,0.0125,0.0263
radar_all,RaDAR,0.5,10.0,0.0764,0.0764,0.0413,0.015,0.0263
radar_all,RaDAR,0.6,10.0,0.0778,0.0778,0.0422,0.0159,0.0263
radar_all,RaDAR,0.7,10.0,0.0785,0.0785,0.0427,0.0164,0.0263
radar_all,RaDAR,0.1,20.0,0.0552,0.0552,0.0289,0.0026,0.0263
radar_all,RaDAR,0.2,20.0,0.0607,0.0607,0.0318,0.0055,0.0263
radar_all,RaDAR,0.3,20.0,0.0667,0.0667,0.0351,0.0088,0.0263
radar_all,RaDAR,0.4,20.0,0.0722,0.0722,0.0382,0.0119,0.0263
radar_all,RaDAR,0.5,20.0,0.0755,0.0755,0.0405,0.0142,0.0263
radar_all,RaDAR,0.6,20.0,0.0773,0.0773,0.0417,0.0154,0.0263
radar_all,RaDAR,0.7,20.0,0.0784,0.0784,0.0423,0.016,0.0263
radar_all,RaDAR,0.1,50.0,0.0548,0.0548,0.0287,0.0024,0.0263
radar_all,RaDAR,0.2,50.0,0.0598,0.0598,0.0313,0.005,0.0263
radar_all,RaDAR,0.3,50.0,0.0652,0.0652,0.0342,0.0079,0.0263
radar_all,RaDAR,0.4,50.0,0.07,0.07,0.0369,0.0106,0.0263
radar_all,RaDAR,0.5,50.0,0.073,0.073,0.0389,0.0126,0.0263
radar_all,RaDAR,0.6,50.0,0.0753,0.0753,0.0402,0.0139,0.0263
radar_all,RaDAR,0.7,50.0,0.077,0.077,0.0413,0.015,0.0263
infonce_all,InfoNCE,0.1,5.0,0.0963,0.0963,0.0492,0.0013,0.0479
infonce_all,InfoNCE,0.2,5.0,0.0988,0.0988,0.0504,0.0025,0.0479
infonce_all,InfoNCE,0.3,5.0,0.1009,0.1009,0.0516,0.0037,0.0479
infonce_all,InfoNCE,0.4,5.0,0.1021,0.1021,0.0523,0.0044,0.0479
infonce_all,InfoNCE,0.5,5.0,0.1023,0.1023,0.052,0.0041,0.0479
infonce_all,InfoNCE,0.6,5.0,0.1021,0.1021,0.0518,0.0039,0.0479
infonce_all,InfoNCE,0.7,5.0,0.1015,0.1015,0.0514,0.0035,0.0479
infonce_all,InfoNCE,0.1,10.0,0.0962,0.0962,0.0491,0.0012,0.0479
infonce_all,InfoNCE,0.2,10.0,0.0985,0.0985,0.0502,0.0023,0.0479
infonce_all,InfoNCE,0.3,10.0,0.1005,0.1005,0.0513,0.0034,0.0479
infonce_all,InfoNCE,0.4,10.0,0.1014,0.1014,0.0518,0.0039,0.0479
infonce_all,InfoNCE,0.5,10.0,0.102,0.102,0.0517,0.0038,0.0479
infonce_all,InfoNCE,0.6,10.0,0.102,0.102,0.0517,0.0038,0.0479
infonce_all,InfoNCE,0.7,10.0,0.1012,0.1012,0.0515,0.0036,0.0479
infonce_all,InfoNCE,0.1,20.0,0.096,0.096,0.049,0.0011,0.0479
infonce_all,InfoNCE,0.2,20.0,0.0978,0.0978,0.0499,0.002,0.0479
infonce_all,InfoNCE,0.3,20.0,0.0998,0.0998,0.0509,0.003,0.0479
infonce_all,InfoNCE,0.4,20.0,0.1007,0.1007,0.0513,0.0034,0.0479
infonce_all,InfoNCE,0.5,20.0,0.1014,0.1014,0.0514,0.0035,0.0479
infonce_all,InfoNCE,0.6,20.0,0.1015,0.1015,0.0515,0.0036,0.0479
infonce_all,InfoNCE,0.7,20.0,0.1014,0.1014,0.0514,0.0035,0.0479
infonce_all,InfoNCE,0.1,50.0,0.0958,0.0958,0.0488,0.0009,0.0479
infonce_all,InfoNCE,0.2,50.0,0.0973,0.0973,0.0496,0.0017,0.0479
infonce_all,InfoNCE,0.3,50.0,0.0988,0.0988,0.0504,0.0025,0.0479
infonce_all,InfoNCE,0.4,50.0,0.0997,0.0997,0.0508,0.0029,0.0479
infonce_all,InfoNCE,0.5,50.0,0.1006,0.1006,0.051,0.0031,0.0479
infonce_all,InfoNCE,0.6,50.0,0.1012,0.1012,0.0513,0.0034,0.0479
infonce_all,InfoNCE,0.7,50.0,0.1014,0.1014,0.0514,0.0035,0.0479
infonce_kgat_sal_all_T3_nospatial,InfoNCE-KGAT-SAL,0.1,5.0,0.0707,0.0707,0.0374,0.0029,0.0345
infonce_kgat_sal_all_T3_nospatial,InfoNCE-KGAT-SAL,0.2,5.0,0.077,0.077,0.0408,0.0063,0.0345
infonce_kgat_sal_all_T3_nospatial,InfoNCE-KGAT-SAL,0.3,5.0,0.084,0.084,0.0446,0.0101,0.0345
infonce_kgat_sal_all_T3_nospatial,InfoNCE-KGAT-SAL,0.4,5.0,0.0897,0.0897,0.048,0.0135,0.0345
infonce_kgat_sal_all_T3_nospatial,InfoNCE-KGAT-SAL,0.5,5.0,0.0928,0.0928,0.0501,0.0156,0.0345
infonce_kgat_sal_all_T3_nospatial,InfoNCE-KGAT-SAL,0.6,5.0,0.0943,0.0943,0.0508,0.0163,0.0345
infonce_kgat_sal_all_T3_nospatial,InfoNCE-KGAT-SAL,0.7,5.0,0.095,0.095,0.051,0.0165,0.0345
infonce_kgat_sal_all_T3_nospatial,InfoNCE-KGAT-SAL,0.1,10.0,0.0708,0.0708,0.0374,0.0029,0.0345
infonce_kgat_sal_all_T3_nospatial,InfoNCE-KGAT-SAL,0.2,10.0,0.0771,0.0771,0.0408,0.0063,0.0345
infonce_kgat_sal_all_T3_nospatial,InfoNCE-KGAT-SAL,0.3,10.0,0.0838,0.0838,0.0443,0.0098,0.0345
infonce_kgat_sal_all_T3_nospatial,InfoNCE-KGAT-SAL,0.4,10.0,0.0897,0.0897,0.0477,0.0132,0.0345
infonce_kgat_sal_all_T3_nospatial,InfoNCE-KGAT-SAL,0.5,10.0,0.0933,0.0933,0.05,0.0155,0.0345
infonce_kgat_sal_all_T3_nospatial,InfoNCE-KGAT-SAL,0.6,10.0,0.0949,0.0949,0.0509,0.0164,0.0345
infonce_kgat_sal_all_T3_nospatial,InfoNCE-KGAT-SAL,0.7,10.0,0.0956,0.0956,0.0513,0.0168,0.0345
infonce_kgat_sal_all_T3_nospatial,InfoNCE-KGAT-SAL,0.1,20.0,0.0707,0.0707,0.0373,0.0028,0.0345
infonce_kgat_sal_all_T3_nospatial,InfoNCE-KGAT-SAL,0.2,20.0,0.0768,0.0768,0.0405,0.006,0.0345
infonce_kgat_sal_all_T3_nospatial,InfoNCE-KGAT-SAL,0.3,20.0,0.083,0.083,0.0439,0.0094,0.0345
infonce_kgat_sal_all_T3_nospatial,InfoNCE-KGAT-SAL,0.4,20.0,0.0888,0.0888,0.047,0.0125,0.0345
infonce_kgat_sal_all_T3_nospatial,InfoNCE-KGAT-SAL,0.5,20.0,0.0925,0.0925,0.0493,0.0148,0.0345
infonce_kgat_sal_all_T3_nospatial,InfoNCE-KGAT-SAL,0.6,20.0,0.0945,0.0945,0.0505,0.016,0.0345
infonce_kgat_sal_all_T3_nospatial,InfoNCE-KGAT-SAL,0.7,20.0,0.0956,0.0956,0.0511,0.0166,0.0345
infonce_kgat_sal_all_T3_nospatial,InfoNCE-KGAT-SAL,0.1,50.0,0.0703,0.0703,0.0371,0.0026,0.0345
infonce_kgat_sal_all_T3_nospatial,InfoNCE-KGAT-SAL,0.2,50.0,0.0758,0.0758,0.04,0.0055,0.0345
infonce_kgat_sal_all_T3_nospatial,InfoNCE-KGAT-SAL,0.3,50.0,0.0814,0.0814,0.043,0.0085,0.0345
infonce_kgat_sal_all_T3_nospatial,InfoNCE-KGAT-SAL,0.4,50.0,0.0868,0.0868,0.0458,0.0113,0.0345
infonce_kgat_sal_all_T3_nospatial,InfoNCE-KGAT-SAL,0.5,50.0,0.0903,0.0903,0.0479,0.0134,0.0345
infonce_kgat_sal_all_T3_nospatial,InfoNCE-KGAT-SAL,0.6,50.0,0.0927,0.0927,0.0492,0.0147,0.0345
infonce_kgat_sal_all_T3_nospatial,InfoNCE-KGAT-SAL,0.7,50.0,0.0941,0.0941,0.0502,0.0157,0.0345
kgat_all,KGAT,0.1,5.0,0.0783,0.0783,0.0413,0.0021,0.0392
kgat_all,KGAT,0.2,5.0,0.0831,0.0831,0.0437,0.0045,0.0392
kgat_all,KGAT,0.3,5.0,0.0879,0.0879,0.0461,0.0069,0.0392
kgat_all,KGAT,0.4,5.0,0.0915,0.0915,0.0479,0.0087,0.0392
kgat_all,KGAT,0.5,5.0,0.0935,0.0935,0.0489,0.0097,0.0392
kgat_all,KGAT,0.6,5.0,0.0943,0.0943,0.0492,0.01,0.0392
kgat_all,KGAT,0.7,5.0,0.0947,0.0947,0.0493,0.0101,0.0392
kgat_all,KGAT,0.1,10.0,0.0783,0.0783,0.0413,0.0021,0.0392
kgat_all,KGAT,0.2,10.0,0.0829,0.0829,0.0435,0.0043,0.0392
kgat_all,KGAT,0.3,10.0,0.0874,0.0874,0.0458,0.0066,0.0392
kgat_all,KGAT,0.4,10.0,0.091,0.091,0.0476,0.0084,0.0392
kgat_all,KGAT,0.5,10.0,0.0934,0.0934,0.0487,0.0095,0.0392
kgat_all,KGAT,0.6,10.0,0.0947,0.0947,0.0493,0.0101,0.0392
kgat_all,KGAT,0.7,10.0,0.0949,0.0949,0.0494,0.0102,0.0392
kgat_all,KGAT,0.1,20.0,0.078,0.078,0.0411,0.0019,0.0392
kgat_all,KGAT,0.2,20.0,0.0825,0.0825,0.0433,0.0041,0.0392
kgat_all,KGAT,0.3,20.0,0.0865,0.0865,0.0453,0.0061,0.0392
kgat_all,KGAT,0.4,20.0,0.0899,0.0899,0.0469,0.0077,0.0392
kgat_all,KGAT,0.5,20.0,0.0923,0.0923,0.0481,0.0089,0.0392
kgat_all,KGAT,0.6,20.0,0.0938,0.0938,0.0488,0.0096,0.0392
kgat_all,KGAT,0.7,20.0,0.0947,0.0947,0.0493,0.0101,0.0392
kgat_all,KGAT,0.1,50.0,0.0778,0.0778,0.041,0.0018,0.0392
kgat_all,KGAT,0.2,50.0,0.0815,0.0815,0.0427,0.0035,0.0392
kgat_all,KGAT,0.3,50.0,0.085,0.085,0.0445,0.0053,0.0392
kgat_all,KGAT,0.4,50.0,0.0879,0.0879,0.046,0.0068,0.0392
kgat_all,KGAT,0.5,50.0,0.0901,0.0901,0.0469,0.0077,0.0392
kgat_all,KGAT,0.6,50.0,0.0919,0.0919,0.0478,0.0086,0.0392
kgat_all,KGAT,0.7,50.0,0.0934,0.0934,0.0485,0.0093,0.0392
kgat_sal_all_T3_nospatial,KGAT-SAL,0.1,5.0,0.0717,0.0717,0.0379,0.0027,0.0352
kgat_sal_all_T3_nospatial,KGAT-SAL,0.2,5.0,0.078,0.078,0.0412,0.006,0.0352
kgat_sal_all_T3_nospatial,KGAT-SAL,0.3,5.0,0.0841,0.0841,0.0446,0.0094,0.0352
kgat_sal_all_T3_nospatial,KGAT-SAL,0.4,5.0,0.0896,0.0896,0.0479,0.0127,0.0352
kgat_sal_all_T3_nospatial,KGAT-SAL,0.5,5.0,0.0927,0.0927,0.0499,0.0147,0.0352
kgat_sal_all_T3_nospatial,KGAT-SAL,0.6,5.0,0.0939,0.0939,0.0506,0.0154,0.0352
kgat_sal_all_T3_nospatial,KGAT-SAL,0.7,5.0,0.0946,0.0946,0.0508,0.0156,0.0352
kgat_sal_all_T3_nospatial,KGAT-SAL,0.1,10.0,0.0719,0.0719,0.038,0.0028,0.0352
kgat_sal_all_T3_nospatial,KGAT-SAL,0.2,10.0,0.0778,0.0778,0.0412,0.006,0.0352
kgat_sal_all_T3_nospatial,KGAT-SAL,0.3,10.0,0.0841,0.0841,0.0445,0.0093,0.0352
kgat_sal_all_T3_nospatial,KGAT-SAL,0.4,10.0,0.0894,0.0894,0.0476,0.0124,0.0352
kgat_sal_all_T3_nospatial,KGAT-SAL,0.5,10.0,0.0929,0.0929,0.0497,0.0145,0.0352
kgat_sal_all_T3_nospatial,KGAT-SAL,0.6,10.0,0.0945,0.0945,0.0506,0.0154,0.0352
kgat_sal_all_T3_nospatial,KGAT-SAL,0.7,10.0,0.0951,0.0951,0.051,0.0158,0.0352
kgat_sal_all_T3_nospatial,KGAT-SAL,0.1,20.0,0.0718,0.0718,0.0379,0.0027,0.0352
kgat_sal_all_T3_nospatial,KGAT-SAL,0.2,20.0,0.0775,0.0775,0.0409,0.0057,0.0352
kgat_sal_all_T3_nospatial,KGAT-SAL,0.3,20.0,0.0835,0.0835,0.0441,0.0089,0.0352
kgat_sal_all_T3_nospatial,KGAT-SAL,0.4,20.0,0.0886,0.0886,0.047,0.0118,0.0352
kgat_sal_all_T3_nospatial,KGAT-SAL,0.5,20.0,0.092,0.092,0.049,0.0138,0.0352
kgat_sal_all_T3_nospatial,KGAT-SAL,0.6,20.0,0.0938,0.0938,0.05,0.0148,0.0352
kgat_sal_all_T3_nospatial,KGAT-SAL,0.7,20.0,0.0948,0.0948,0.0507,0.0155,0.0352
kgat_sal_all_T3_nospatial,KGAT-SAL,0.1,50.0,0.0714,0.0714,0.0377,0.0025,0.0352
kgat_sal_all_T3_nospatial,KGAT-SAL,0.2,50.0,0.0767,0.0767,0.0404,0.0052,0.0352
kgat_sal_all_T3_nospatial,KGAT-SAL,0.3,50.0,0.0818,0.0818,0.0431,0.0079,0.0352
kgat_sal_all_T3_nospatial,KGAT-SAL,0.4,50.0,0.0865,0.0865,0.0457,0.0105,0.0352
kgat_sal_all_T3_nospatial,KGAT-SAL,0.5,50.0,0.0899,0.0899,0.0476,0.0124,0.0352
kgat_sal_all_T3_nospatial,KGAT-SAL,0.6,50.0,0.092,0.092,0.0488,0.0136,0.0352
kgat_sal_all_T3_nospatial,KGAT-SAL,0.7,50.0,0.0936,0.0936,0.0498,0.0146,0.0352
radar_all,RaDAR,0.1,5.0,0.055,0.055,0.0289,0.0026,0.0263
radar_all,RaDAR,0.2,5.0,0.0607,0.0607,0.032,0.0057,0.0263
radar_all,RaDAR,0.3,5.0,0.0673,0.0673,0.0356,0.0093,0.0263
radar_all,RaDAR,0.4,5.0,0.0729,0.0729,0.039,0.0127,0.0263
radar_all,RaDAR,0.5,5.0,0.0758,0.0758,0.0414,0.0151,0.0263
radar_all,RaDAR,0.6,5.0,0.0771,0.0771,0.0423,0.016,0.0263
radar_all,RaDAR,0.7,5.0,0.078,0.078,0.0427,0.0164,0.0263
radar_all,RaDAR,0.1,10.0,0.0551,0.0551,0.0289,0.0026,0.0263
radar_all,RaDAR,0.2,10.0,0.061,0.061,0.0321,0.0058,0.0263
radar_all,RaDAR,0.3,10.0,0.0673,0.0673,0.0355,0.0092,0.0263
radar_all,RaDAR,0.4,10.0,0.0729,0.0729,0.0388,0.0125,0.0263
radar_all,RaDAR,0.5,10.0,0.0764,0.0764,0.0413,0.015,0.0263
radar_all,RaDAR,0.6,10.0,0.0778,0.0778,0.0422,0.0159,0.0263
radar_all,RaDAR,0.7,10.0,0.0785,0.0785,0.0427,0.0164,0.0263
radar_all,RaDAR,0.1,20.0,0.0552,0.0552,0.0289,0.0026,0.0263
radar_all,RaDAR,0.2,20.0,0.0607,0.0607,0.0318,0.0055,0.0263
radar_all,RaDAR,0.3,20.0,0.0667,0.0667,0.0351,0.0088,0.0263
radar_all,RaDAR,0.4,20.0,0.0722,0.0722,0.0382,0.0119,0.0263
radar_all,RaDAR,0.5,20.0,0.0755,0.0755,0.0405,0.0142,0.0263
radar_all,RaDAR,0.6,20.0,0.0773,0.0773,0.0417,0.0154,0.0263
radar_all,RaDAR,0.7,20.0,0.0784,0.0784,0.0423,0.016,0.0263
radar_all,RaDAR,0.1,50.0,0.0548,0.0548,0.0287,0.0024,0.0263
radar_all,RaDAR,0.2,50.0,0.0598,0.0598,0.0313,0.005,0.0263
radar_all,RaDAR,0.3,50.0,0.0652,0.0652,0.0342,0.0079,0.0263
radar_all,RaDAR,0.4,50.0,0.07,0.07,0.0369,0.0106,0.0263
radar_all,RaDAR,0.5,50.0,0.073,0.073,0.0389,0.0126,0.0263
radar_all,RaDAR,0.6,50.0,0.0753,0.0753,0.0402,0.0139,0.0263
radar_all,RaDAR,0.7,50.0,0.077,0.077,0.0413,0.015,0.0263
infonce_all,InfoNCE,0.1,5.0,0.0963,0.0963,0.0492,0.0013,0.0479
infonce_all,InfoNCE,0.2,5.0,0.0988,0.0988,0.0504,0.0025,0.0479
infonce_all,InfoNCE,0.3,5.0,0.1009,0.1009,0.0516,0.0037,0.0479
infonce_all,InfoNCE,0.4,5.0,0.1021,0.1021,0.0523,0.0044,0.0479
infonce_all,InfoNCE,0.5,5.0,0.1023,0.1023,0.052,0.0041,0.0479
infonce_all,InfoNCE,0.6,5.0,0.1021,0.1021,0.0518,0.0039,0.0479
infonce_all,InfoNCE,0.7,5.0,0.1015,0.1015,0.0514,0.0035,0.0479
infonce_all,InfoNCE,0.1,10.0,0.0962,0.0962,0.0491,0.0012,0.0479
infonce_all,InfoNCE,0.2,10.0,0.0985,0.0985,0.0502,0.0023,0.0479
infonce_all,InfoNCE,0.3,10.0,0.1005,0.1005,0.0513,0.0034,0.0479
infonce_all,InfoNCE,0.4,10.0,0.1014,0.1014,0.0518,0.0039,0.0479
infonce_all,InfoNCE,0.5,10.0,0.102,0.102,0.0517,0.0038,0.0479
infonce_all,InfoNCE,0.6,10.0,0.102,0.102,0.0517,0.0038,0.0479
infonce_all,InfoNCE,0.7,10.0,0.1012,0.1012,0.0515,0.0036,0.0479
infonce_all,InfoNCE,0.1,20.0,0.096,0.096,0.049,0.0011,0.0479
infonce_all,InfoNCE,0.2,20.0,0.0978,0.0978,0.0499,0.002,0.0479
infonce_all,InfoNCE,0.3,20.0,0.0998,0.0998,0.0509,0.003,0.0479
infonce_all,InfoNCE,0.4,20.0,0.1007,0.1007,0.0513,0.0034,0.0479
infonce_all,InfoNCE,0.5,20.0,0.1014,0.1014,0.0514,0.0035,0.0479
infonce_all,InfoNCE,0.6,20.0,0.1015,0.1015,0.0515,0.0036,0.0479
infonce_all,InfoNCE,0.7,20.0,0.1014,0.1014,0.0514,0.0035,0.0479
infonce_all,InfoNCE,0.1,50.0,0.0958,0.0958,0.0488,0.0009,0.0479
infonce_all,InfoNCE,0.2,50.0,0.0973,0.0973,0.0496,0.0017,0.0479
infonce_all,InfoNCE,0.3,50.0,0.0988,0.0988,0.0504,0.0025,0.0479
infonce_all,InfoNCE,0.4,50.0,0.0997,0.0997,0.0508,0.0029,0.0479
infonce_all,InfoNCE,0.5,50.0,0.1006,0.1006,0.051,0.0031,0.0479
infonce_all,InfoNCE,0.6,50.0,0.1012,0.1012,0.0513,0.0034,0.0479
infonce_all,InfoNCE,0.7,50.0,0.1014,0.1014,0.0514,0.0035,0.0479
infonce_kgat_sal_all_T3_nospatial,InfoNCE-KGAT-SAL,0.1,5.0,0.0707,0.0707,0.0374,0.0029,0.0345
infonce_kgat_sal_all_T3_nospatial,InfoNCE-KGAT-SAL,0.2,5.0,0.077,0.077,0.0408,0.0063,0.0345
infonce_kgat_sal_all_T3_nospatial,InfoNCE-KGAT-SAL,0.3,5.0,0.084,0.084,0.0446,0.0101,0.0345
infonce_kgat_sal_all_T3_nospatial,InfoNCE-KGAT-SAL,0.4,5.0,0.0897,0.0897,0.048,0.0135,0.0345
infonce_kgat_sal_all_T3_nospatial,InfoNCE-KGAT-SAL,0.5,5.0,0.0928,0.0928,0.0501,0.0156,0.0345
infonce_kgat_sal_all_T3_nospatial,InfoNCE-KGAT-SAL,0.6,5.0,0.0943,0.0943,0.0508,0.0163,0.0345
infonce_kgat_sal_all_T3_nospatial,InfoNCE-KGAT-SAL,0.7,5.0,0.095,0.095,0.051,0.0165,0.0345
infonce_kgat_sal_all_T3_nospatial,InfoNCE-KGAT-SAL,0.1,10.0,0.0708,0.0708,0.0374,0.0029,0.0345
infonce_kgat_sal_all_T3_nospatial,InfoNCE-KGAT-SAL,0.2,10.0,0.0771,0.0771,0.0408,0.0063,0.0345
infonce_kgat_sal_all_T3_nospatial,InfoNCE-KGAT-SAL,0.3,10.0,0.0838,0.0838,0.0443,0.0098,0.0345
infonce_kgat_sal_all_T3_nospatial,InfoNCE-KGAT-SAL,0.4,10.0,0.0897,0.0897,0.0477,0.0132,0.0345
infonce_kgat_sal_all_T3_nospatial,InfoNCE-KGAT-SAL,0.5,10.0,0.0933,0.0933,0.05,0.0155,0.0345
infonce_kgat_sal_all_T3_nospatial,InfoNCE-KGAT-SAL,0.6,10.0,0.0949,0.0949,0.0509,0.0164,0.0345
infonce_kgat_sal_all_T3_nospatial,InfoNCE-KGAT-SAL,0.7,10.0,0.0956,0.0956,0.0513,0.0168,0.0345
infonce_kgat_sal_all_T3_nospatial,InfoNCE-KGAT-SAL,0.1,20.0,0.0707,0.0707,0.0373,0.0028,0.0345
infonce_kgat_sal_all_T3_nospatial,InfoNCE-KGAT-SAL,0.2,20.0,0.0768,0.0768,0.0405,0.006,0.0345
infonce_kgat_sal_all_T3_nospatial,InfoNCE-KGAT-SAL,0.3,20.0,0.083,0.083,0.0439,0.0094,0.0345
infonce_kgat_sal_all_T3_nospatial,InfoNCE-KGAT-SAL,0.4,20.0,0.0888,0.0888,0.047,0.0125,0.0345
infonce_kgat_sal_all_T3_nospatial,InfoNCE-KGAT-SAL,0.5,20.0,0.0925,0.0925,0.0493,0.0148,0.0345
infonce_kgat_sal_all_T3_nospatial,InfoNCE-KGAT-SAL,0.6,20.0,0.0945,0.0945,0.0505,0.016,0.0345
infonce_kgat_sal_all_T3_nospatial,InfoNCE-KGAT-SAL,0.7,20.0,0.0956,0.0956,0.0511,0.0166,0.0345
infonce_kgat_sal_all_T3_nospatial,InfoNCE-KGAT-SAL,0.1,50.0,0.0703,0.0703,0.0371,0.0026,0.0345
infonce_kgat_sal_all_T3_nospatial,InfoNCE-KGAT-SAL,0.2,50.0,0.0758,0.0758,0.04,0.0055,0.0345
infonce_kgat_sal_all_T3_nospatial,InfoNCE-KGAT-SAL,0.3,50.0,0.0814,0.0814,0.043,0.0085,0.0345
infonce_kgat_sal_all_T3_nospatial,InfoNCE-KGAT-SAL,0.4,50.0,0.0868,0.0868,0.0458,0.0113,0.0345
infonce_kgat_sal_all_T3_nospatial,InfoNCE-KGAT-SAL,0.5,50.0,0.0903,0.0903,0.0479,0.0134,0.0345
infonce_kgat_sal_all_T3_nospatial,InfoNCE-KGAT-SAL,0.6,50.0,0.0927,0.0927,0.0492,0.0147,0.0345
infonce_kgat_sal_all_T3_nospatial,InfoNCE-KGAT-SAL,0.7,50.0,0.0941,0.0941,0.0502,0.0157,0.0345
kgat_all,KGAT,0.1,5.0,0.0783,0.0783,0.0413,0.0021,0.0392
kgat_all,KGAT,0.2,5.0,0.0831,0.0831,0.0437,0.0045,0.0392
kgat_all,KGAT,0.3,5.0,0.0879,0.0879,0.0461,0.0069,0.0392
kgat_all,KGAT,0.4,5.0,0.0915,0.0915,0.0479,0.0087,0.0392
kgat_all,KGAT,0.5,5.0,0.0935,0.0935,0.0489,0.0097,0.0392
kgat_all,KGAT,0.6,5.0,0.0943,0.0943,0.0492,0.01,0.0392
kgat_all,KGAT,0.7,5.0,0.0947,0.0947,0.0493,0.0101,0.0392
kgat_all,KGAT,0.1,10.0,0.0783,0.0783,0.0413,0.0021,0.0392
kgat_all,KGAT,0.2,10.0,0.0829,0.0829,0.0435,0.0043,0.0392
kgat_all,KGAT,0.3,10.0,0.0874,0.0874,0.0458,0.0066,0.0392
kgat_all,KGAT,0.4,10.0,0.091,0.091,0.0476,0.0084,0.0392
kgat_all,KGAT,0.5,10.0,0.0934,0.0934,0.0487,0.0095,0.0392
kgat_all,KGAT,0.6,10.0,0.0947,0.0947,0.0493,0.0101,0.0392
kgat_all,KGAT,0.7,10.0,0.0949,0.0949,0.0494,0.0102,0.0392
kgat_all,KGAT,0.1,20.0,0.078,0.078,0.0411,0.0019,0.0392
kgat_all,KGAT,0.2,20.0,0.0825,0.0825,0.0433,0.0041,0.0392
kgat_all,KGAT,0.3,20.0,0.0865,0.0865,0.0453,0.0061,0.0392
kgat_all,KGAT,0.4,20.0,0.0899,0.0899,0.0469,0.0077,0.0392
kgat_all,KGAT,0.5,20.0,0.0923,0.0923,0.0481,0.0089,0.0392
kgat_all,KGAT,0.6,20.0,0.0938,0.0938,0.0488,0.0096,0.0392
kgat_all,KGAT,0.7,20.0,0.0947,0.0947,0.0493,0.0101,0.0392
kgat_all,KGAT,0.1,50.0,0.0778,0.0778,0.041,0.0018,0.0392
kgat_all,KGAT,0.2,50.0,0.0815,0.0815,0.0427,0.0035,0.0392
kgat_all,KGAT,0.3,50.0,0.085,0.085,0.0445,0.0053,0.0392
kgat_all,KGAT,0.4,50.0,0.0879,0.0879,0.046,0.0068,0.0392
kgat_all,KGAT,0.5,50.0,0.0901,0.0901,0.0469,0.0077,0.0392
kgat_all,KGAT,0.6,50.0,0.0919,0.0919,0.0478,0.0086,0.0392
kgat_all,KGAT,0.7,50.0,0.0934,0.0934,0.0485,0.0093,0.0392
kgat_sal_all_T3_nospatial,KGAT-SAL,0.1,5.0,0.0717,0.0717,0.0379,0.0027,0.0352
kgat_sal_all_T3_nospatial,KGAT-SAL,0.2,5.0,0.078,0.078,0.0412,0.006,0.0352
kgat_sal_all_T3_nospatial,KGAT-SAL,0.3,5.0,0.0841,0.0841,0.0446,0.0094,0.0352
kgat_sal_all_T3_nospatial,KGAT-SAL,0.4,5.0,0.0896,0.0896,0.0479,0.0127,0.0352
kgat_sal_all_T3_nospatial,KGAT-SAL,0.5,5.0,0.0927,0.0927,0.0499,0.0147,0.0352
kgat_sal_all_T3_nospatial,KGAT-SAL,0.6,5.0,0.0939,0.0939,0.0506,0.0154,0.0352
kgat_sal_all_T3_nospatial,KGAT-SAL,0.7,5.0,0.0946,0.0946,0.0508,0.0156,0.0352
kgat_sal_all_T3_nospatial,KGAT-SAL,0.1,10.0,0.0719,0.0719,0.038,0.0028,0.0352
kgat_sal_all_T3_nospatial,KGAT-SAL,0.2,10.0,0.0778,0.0778,0.0412,0.006,0.0352
kgat_sal_all_T3_nospatial,KGAT-SAL,0.3,10.0,0.0841,0.0841,0.0445,0.0093,0.0352
kgat_sal_all_T3_nospatial,KGAT-SAL,0.4,10.0,0.0894,0.0894,0.0476,0.0124,0.0352
kgat_sal_all_T3_nospatial,KGAT-SAL,0.5,10.0,0.0929,0.0929,0.0497,0.0145,0.0352
kgat_sal_all_T3_nospatial,KGAT-SAL,0.6,10.0,0.0945,0.0945,0.0506,0.0154,0.0352
kgat_sal_all_T3_nospatial,KGAT-SAL,0.7,10.0,0.0951,0.0951,0.051,0.0158,0.0352
kgat_sal_all_T3_nospatial,KGAT-SAL,0.1,20.0,0.0718,0.0718,0.0379,0.0027,0.0352
kgat_sal_all_T3_nospatial,KGAT-SAL,0.2,20.0,0.0775,0.0775,0.0409,0.0057,0.0352
kgat_sal_all_T3_nospatial,KGAT-SAL,0.3,20.0,0.0835,0.0835,0.0441,0.0089,0.0352
kgat_sal_all_T3_nospatial,KGAT-SAL,0.4,20.0,0.0886,0.0886,0.047,0.0118,0.0352
kgat_sal_all_T3_nospatial,KGAT-SAL,0.5,20.0,0.092,0.092,0.049,0.0138,0.0352
kgat_sal_all_T3_nospatial,KGAT-SAL,0.6,20.0,0.0938,0.0938,0.05,0.0148,0.0352
kgat_sal_all_T3_nospatial,KGAT-SAL,0.7,20.0,0.0948,0.0948,0.0507,0.0155,0.0352
kgat_sal_all_T3_nospatial,KGAT-SAL,0.1,50.0,0.0714,0.0714,0.0377,0.0025,0.0352
kgat_sal_all_T3_nospatial,KGAT-SAL,0.2,50.0,0.0767,0.0767,0.0404,0.0052,0.0352
kgat_sal_all_T3_nospatial,KGAT-SAL,0.3,50.0,0.0818,0.0818,0.0431,0.0079,0.0352
kgat_sal_all_T3_nospatial,KGAT-SAL,0.4,50.0,0.0865,0.0865,0.0457,0.0105,0.0352
kgat_sal_all_T3_nospatial,KGAT-SAL,0.5,50.0,0.0899,0.0899,0.0476,0.0124,0.0352
kgat_sal_all_T3_nospatial,KGAT-SAL,0.6,50.0,0.092,0.092,0.0488,0.0136,0.0352
kgat_sal_all_T3_nospatial,KGAT-SAL,0.7,50.0,0.0936,0.0936,0.0498,0.0146,0.0352
radar_all,RaDAR,0.1,5.0,0.055,0.055,0.0289,0.0026,0.0263
radar_all,RaDAR,0.2,5.0,0.0607,0.0607,0.032,0.0057,0.0263
radar_all,RaDAR,0.3,5.0,0.0673,0.0673,0.0356,0.0093,0.0263
radar_all,RaDAR,0.4,5.0,0.0729,0.0729,0.039,0.0127,0.0263
radar_all,RaDAR,0.5,5.0,0.0758,0.0758,0.0414,0.0151,0.0263
radar_all,RaDAR,0.6,5.0,0.0771,0.0771,0.0423,0.016,0.0263
radar_all,RaDAR,0.7,5.0,0.078,0.078,0.0427,0.0164,0.0263
radar_all,RaDAR,0.1,10.0,0.0551,0.0551,0.0289,0.0026,0.0263
radar_all,RaDAR,0.2,10.0,0.061,0.061,0.0321,0.0058,0.0263
radar_all,RaDAR,0.3,10.0,0.0673,0.0673,0.0355,0.0092,0.0263
radar_all,RaDAR,0.4,10.0,0.0729,0.0729,0.0388,0.0125,0.0263
radar_all,RaDAR,0.5,10.0,0.0764,0.0764,0.0413,0.015,0.0263
radar_all,RaDAR,0.6,10.0,0.0778,0.0778,0.0422,0.0159,0.0263
radar_all,RaDAR,0.7,10.0,0.0785,0.0785,0.0427,0.0164,0.0263
radar_all,RaDAR,0.1,20.0,0.0552,0.0552,0.0289,0.0026,0.0263
radar_all,RaDAR,0.2,20.0,0.0607,0.0607,0.0318,0.0055,0.0263
radar_all,RaDAR,0.3,20.0,0.0667,0.0667,0.0351,0.0088,0.0263
radar_all,RaDAR,0.4,20.0,0.0722,0.0722,0.0382,0.0119,0.0263
radar_all,RaDAR,0.5,20.0,0.0755,0.0755,0.0405,0.0142,0.0263
radar_all,RaDAR,0.6,20.0,0.0773,0.0773,0.0417,0.0154,0.0263
radar_all,RaDAR,0.7,20.0,0.0784,0.0784,0.0423,0.016,0.0263
radar_all,RaDAR,0.1,50.0,0.0548,0.0548,0.0287,0.0024,0.0263
radar_all,RaDAR,0.2,50.0,0.0598,0.0598,0.0313,0.005,0.0263
radar_all,RaDAR,0.3,50.0,0.0652,0.0652,0.0342,0.0079,0.0263
radar_all,RaDAR,0.4,50.0,0.07,0.07,0.0369,0.0106,0.0263
radar_all,RaDAR,0.5,50.0,0.073,0.073,0.0389,0.0126,0.0263
radar_all,RaDAR,0.6,50.0,0.0753,0.0753,0.0402,0.0139,0.0263
radar_all,RaDAR,0.7,50.0,0.077,0.077,0.0413,0.015,0.0263
infonce_all,InfoNCE,0.1,5.0,0.0963,0.0963,0.0492,0.0013,0.0479
infonce_all,InfoNCE,0.2,5.0,0.0988,0.0988,0.0504,0.0025,0.0479
infonce_all,InfoNCE,0.3,5.0,0.1009,0.1009,0.0516,0.0037,0.0479
infonce_all,InfoNCE,0.4,5.0,0.1021,0.1021,0.0523,0.0044,0.0479
infonce_all,InfoNCE,0.5,5.0,0.1023,0.1023,0.052,0.0041,0.0479
infonce_all,InfoNCE,0.6,5.0,0.1021,0.1021,0.0518,0.0039,0.0479
infonce_all,InfoNCE,0.7,5.0,0.1015,0.1015,0.0514,0.0035,0.0479
infonce_all,InfoNCE,0.1,10.0,0.0962,0.0962,0.0491,0.0012,0.0479
infonce_all,InfoNCE,0.2,10.0,0.0985,0.0985,0.0502,0.0023,0.0479
infonce_all,InfoNCE,0.3,10.0,0.1005,0.1005,0.0513,0.0034,0.0479
infonce_all,InfoNCE,0.4,10.0,0.1014,0.1014,0.0518,0.0039,0.0479
infonce_all,InfoNCE,0.5,10.0,0.102,0.102,0.0517,0.0038,0.0479
infonce_all,InfoNCE,0.6,10.0,0.102,0.102,0.0517,0.0038,0.0479
infonce_all,InfoNCE,0.7,10.0,0.1012,0.1012,0.0515,0.0036,0.0479
infonce_all,InfoNCE,0.1,20.0,0.096,0.096,0.049,0.0011,0.0479
infonce_all,InfoNCE,0.2,20.0,0.0978,0.0978,0.0499,0.002,0.0479
infonce_all,InfoNCE,0.3,20.0,0.0998,0.0998,0.0509,0.003,0.0479
infonce_all,InfoNCE,0.4,20.0,0.1007,0.1007,0.0513,0.0034,0.0479
infonce_all,InfoNCE,0.5,20.0,0.1014,0.1014,0.0514,0.0035,0.0479
infonce_all,InfoNCE,0.6,20.0,0.1015,0.1015,0.0515,0.0036,0.0479
infonce_all,InfoNCE,0.7,20.0,0.1014,0.1014,0.0514,0.0035,0.0479
infonce_all,InfoNCE,0.1,50.0,0.0958,0.0958,0.0488,0.0009,0.0479
infonce_all,InfoNCE,0.2,50.0,0.0973,0.0973,0.0496,0.0017,0.0479
infonce_all,InfoNCE,0.3,50.0,0.0988,0.0988,0.0504,0.0025,0.0479
infonce_all,InfoNCE,0.4,50.0,0.0997,0.0997,0.0508,0.0029,0.0479
infonce_all,InfoNCE,0.5,50.0,0.1006,0.1006,0.051,0.0031,0.0479
infonce_all,InfoNCE,0.6,50.0,0.1012,0.1012,0.0513,0.0034,0.0479
infonce_all,InfoNCE,0.7,50.0,0.1014,0.1014,0.0514,0.0035,0.0479
